{
  "quotas": {
    "0": 58.11414884997936,
    "1": 62.352526600867506,
    "2": 61.14576323935998,
    "3": 60.505115244351636,
    "4": 59.46006987113178,
    "5": 56.756609373367425,
    "6": 54.3223169621906,
    "7": 50.58799515693029,
    "8": 49.12885250680438,
    "9": 45.076204827981314,
    "global": 77.77506803469005
  },
  "alpha": 1.0,
  "layer": 11
}