{
  "quotas": {
    "0": 26.287157893763496,
    "1": 29.18945559963682,
    "2": 29.581373164335314,
    "3": 29.71672414576285,
    "4": 29.727937117088402,
    "5": 28.73100054068813,
    "6": 28.0668858678812,
    "7": 26.405872020409838,
    "8": 26.136413551845408,
    "9": 24.37865350426804,
    "global": 39.332209798289654
  },
  "alpha": 0.5,
  "layer": 11
}