{
  "quotas": {
    "0": 5.792294542078052,
    "1": 6.278262653071922,
    "2": 6.985355468049381,
    "3": 7.811954163740953,
    "4": 8.394005045425821,
    "5": 8.781796606173781,
    "6": 9.561373449268586,
    "7": 10.164450114896152,
    "8": 11.353388101232035,
    "9": 13.305717449898285,
    "global": 9.488710644122651
  },
  "alpha": 0.1,
  "layer": 11
}