{
  "strategy3_a0.1_b0.1": {
    "fisher_p": 1.0,
    "mannwhitney_p": 0.3195059648919748,
    "success_diff_95ci": [
      -0.1333333333333333,
      0.2666666666666667
    ]
  },
  "strategy5_a0.1_b0.1": {
    "fisher_p": 0.4827586206896552,
    "mannwhitney_p": 0.0006709034051003711,
    "success_diff_95ci": [
      0.0,
      0.33333333333333337
    ]
  },
  "posonly_global_a0.1_b0.1": {
    "fisher_p": 0.6513409961685823,
    "mannwhitney_p": 0.26275304114766074,
    "success_diff_95ci": [
      -0.4,
      0.13333333333333341
    ]
  },
  "posonly_perstep_a0.1_b0.1": {
    "fisher_p": 0.3898467432950191,
    "mannwhitney_p": 0.06196961991403871,
    "success_diff_95ci": [
      -0.4666666666666667,
      0.06666666666666676
    ]
  },
  "strategy3_a0.1_b0.3": {
    "fisher_p": 0.6513409961685823,
    "mannwhitney_p": 0.7715511878155722,
    "success_diff_95ci": [
      -0.4,
      0.13499999999999857
    ]
  },
  "strategy5_a0.1_b0.3": {
    "fisher_p": 1.0,
    "mannwhitney_p": 0.22902896662469463,
    "success_diff_95ci": [
      -0.33333333333333337,
      0.20000000000000007
    ]
  },
  "posonly_global_a0.1_b0.3": {
    "fisher_p": 1.0,
    "mannwhitney_p": 0.12486035998214667,
    "success_diff_95ci": [
      -0.33333333333333337,
      0.20000000000000007
    ]
  },
  "posonly_perstep_a0.1_b0.3": {
    "fisher_p": 0.10864567716141928,
    "mannwhitney_p": 0.012821684691391543,
    "success_diff_95ci": [
      -0.6000000000000001,
      0.0
    ]
  },
  "strategy3_a0.1_b0.5": {
    "fisher_p": 0.0006789175071906773,
    "mannwhitney_p": 0.0009058485425290966,
    "success_diff_95ci": [
      -0.9333333333333333,
      -0.39999999999999997
    ]
  },
  "strategy5_a0.1_b0.5": {
    "fisher_p": 0.0006789175071906773,
    "mannwhitney_p": 0.004794758682161994,
    "success_diff_95ci": [
      -0.9333333333333333,
      -0.39999999999999997
    ]
  },
  "posonly_global_a0.1_b0.5": {
    "fisher_p": 0.10864567716141928,
    "mannwhitney_p": 0.22902896662469463,
    "success_diff_95ci": [
      -0.6000000000000001,
      0.0
    ]
  },
  "posonly_perstep_a0.1_b0.5": {
    "fisher_p": 0.007775059838501801,
    "mannwhitney_p": 0.0024626042007544527,
    "success_diff_95ci": [
      -0.8,
      -0.20000000000000007
    ]
  },
  "strategy3_a0.5_b0.1": {
    "fisher_p": 0.4827586206896552,
    "mannwhitney_p": 0.0006709034051003711,
    "success_diff_95ci": [
      0.0,
      0.33333333333333337
    ]
  },
  "strategy5_a0.5_b0.1": {
    "fisher_p": 1.0,
    "mannwhitney_p": 0.43064798984807773,
    "success_diff_95ci": [
      -0.2666666666666667,
      0.2666666666666667
    ]
  },
  "posonly_global_a0.5_b0.1": {
    "fisher_p": 0.10864567716141928,
    "mannwhitney_p": 0.09709106759647709,
    "success_diff_95ci": [
      -0.6666666666666667,
      0.0
    ]
  },
  "posonly_perstep_a0.5_b0.1": {
    "fisher_p": 0.3898467432950191,
    "mannwhitney_p": 0.24548500120312422,
    "success_diff_95ci": [
      -0.4666666666666667,
      0.1333333333333333
    ]
  },
  "strategy3_a0.5_b0.3": {
    "fisher_p": 0.05017491254372814,
    "mannwhitney_p": 0.1985058531538877,
    "success_diff_95ci": [
      -0.6666666666666667,
      -0.06666666666666665
    ]
  },
  "strategy5_a0.5_b0.3": {
    "fisher_p": 0.3898467432950191,
    "mannwhitney_p": 0.10573920209087935,
    "success_diff_95ci": [
      -0.4666666666666667,
      0.06666666666666676
    ]
  },
  "posonly_global_a0.5_b0.3": {
    "fisher_p": 1.0,
    "mannwhitney_p": 0.4067868333984651,
    "success_diff_95ci": [
      -0.33333333333333337,
      0.20000000000000007
    ]
  },
  "posonly_perstep_a0.5_b0.3": {
    "fisher_p": 0.3898467432950191,
    "mannwhitney_p": 0.05639236422683157,
    "success_diff_95ci": [
      -0.4666666666666667,
      0.06833333333333191
    ]
  },
  "strategy3_a0.5_b0.5": {
    "fisher_p": 0.0001450642068026874,
    "mannwhitney_p": 0.0003078634611799441,
    "success_diff_95ci": [
      -0.9333333333333333,
      -0.4666666666666666
    ]
  },
  "strategy5_a0.5_b0.5": {
    "fisher_p": 2.1867291328535937e-05,
    "mannwhitney_p": 0.00026216888813650863,
    "success_diff_95ci": [
      -1.0,
      -0.5333333333333333
    ]
  },
  "posonly_global_a0.5_b0.5": {
    "fisher_p": 0.3898467432950191,
    "mannwhitney_p": 0.01140098291155517,
    "success_diff_95ci": [
      -0.4666666666666667,
      0.1333333333333333
    ]
  },
  "posonly_perstep_a0.5_b0.5": {
    "fisher_p": 0.3898467432950191,
    "mannwhitney_p": 0.09709106759647709,
    "success_diff_95ci": [
      -0.4666666666666667,
      0.1333333333333333
    ]
  },
  "strategy3_a1.0_b0.1": {
    "fisher_p": 1.0,
    "mannwhitney_p": 0.7089232340537643,
    "success_diff_95ci": [
      -0.2666666666666667,
      0.2666666666666667
    ]
  },
  "strategy5_a1.0_b0.1": {
    "fisher_p": 0.4827586206896552,
    "mannwhitney_p": 0.0006709034051003711,
    "success_diff_95ci": [
      0.0,
      0.33333333333333337
    ]
  },
  "posonly_global_a1.0_b0.1": {
    "fisher_p": 0.6513409961685823,
    "mannwhitney_p": 0.09709106759647709,
    "success_diff_95ci": [
      -0.4,
      0.13333333333333341
    ]
  },
  "posonly_perstep_a1.0_b0.1": {
    "fisher_p": 1.0,
    "mannwhitney_p": 0.6783024655972324,
    "success_diff_95ci": [
      -0.33333333333333337,
      0.20000000000000007
    ]
  },
  "strategy3_a1.0_b0.3": {
    "fisher_p": 0.05017491254372814,
    "mannwhitney_p": 0.06799575043506911,
    "success_diff_95ci": [
      -0.7333333333333334,
      -0.06666666666666665
    ]
  },
  "strategy5_a1.0_b0.3": {
    "fisher_p": 0.002509271679949498,
    "mannwhitney_p": 0.004209946028667896,
    "success_diff_95ci": [
      -0.8666666666666667,
      -0.33333333333333326
    ]
  },
  "posonly_global_a1.0_b0.3": {
    "fisher_p": 0.10864567716141928,
    "mannwhitney_p": 0.06799575043506911,
    "success_diff_95ci": [
      -0.6000000000000001,
      0.0
    ]
  },
  "posonly_perstep_a1.0_b0.3": {
    "fisher_p": 0.3898467432950191,
    "mannwhitney_p": 0.38373262766250305,
    "success_diff_95ci": [
      -0.4666666666666667,
      0.06666666666666676
    ]
  },
  "strategy3_a1.0_b0.5": {
    "fisher_p": 0.0006789175071906773,
    "mannwhitney_p": 0.00042246757669391977,
    "success_diff_95ci": [
      -0.8666666666666667,
      -0.39999999999999997
    ]
  },
  "strategy5_a1.0_b0.5": {
    "fisher_p": 2.1867291328535937e-05,
    "mannwhitney_p": 0.0001603262273507153,
    "success_diff_95ci": [
      -1.0,
      -0.5333333333333333
    ]
  },
  "posonly_global_a1.0_b0.5": {
    "fisher_p": 0.3898467432950191,
    "mannwhitney_p": 0.1844100692216365,
    "success_diff_95ci": [
      -0.4666666666666667,
      0.06666666666666676
    ]
  },
  "posonly_perstep_a1.0_b0.5": {
    "fisher_p": 0.2147592870231551,
    "mannwhitney_p": 0.04648668639528603,
    "success_diff_95ci": [
      -0.5333333333333334,
      0.06666666666666665
    ]
  },
  "linear_a0.5": {
    "fisher_p": 1.0,
    "mannwhitney_p": 0.48073111045562256,
    "success_diff_95ci": [
      -0.2666666666666667,
      0.2666666666666667
    ]
  },
  "linear_a1.0": {
    "fisher_p": 0.2147592870231551,
    "mannwhitney_p": 0.28084201086629845,
    "success_diff_95ci": [
      -0.5333333333333334,
      0.06666666666666665
    ]
  },
  "linear_a2.0": {
    "fisher_p": 1.0,
    "mannwhitney_p": 0.11498741920155964,
    "success_diff_95ci": [
      -0.33333333333333337,
      0.20000000000000007
    ]
  },
  "linear_a5.0": {
    "fisher_p": 0.020939530234882563,
    "mannwhitney_p": 0.0012151954178690621,
    "success_diff_95ci": [
      -0.8,
      -0.13333333333333341
    ]
  },
  "random_conceptor": {
    "fisher_p": 1.0,
    "mannwhitney_p": 0.9338864180775845,
    "success_diff_95ci": [
      -0.2666666666666667,
      0.2666666666666667
    ]
  }
}