{
  "best_layer": 10,
  "selected_alphas": [
    0.1
  ],
  "selected_betas": [
    0.1,
    0.3
  ],
  "overlap_band": [
    0.85,
    0.95
  ],
  "diagnostics": {
    "layer_quotas": {
      "0": 0.0760478050935836,
      "1": 0.07706253017698016,
      "2": 0.08861070374647775,
      "3": 0.08996833577042536,
      "4": 0.09283922683624993,
      "5": 0.09398006399472555,
      "6": 0.09522171389488947,
      "7": 0.09628520835013618,
      "8": 0.09721162454003378,
      "9": 0.09733124077320099,
      "10": 0.09769021648736227,
      "11": 0.09704552307015372,
      "12": 0.09702139241354805,
      "13": 0.09712166552032742,
      "14": 0.09632003608913649,
      "15": 0.09468724312526841
    },
    "alpha_overlaps_at_best_layer": {
      "0.1": 0.7836973865586202,
      "0.3": 0.6898561291410962,
      "0.5": 0.6423624724747127,
      "0.8": 0.6046287650577934,
      "1.0": 0.589196882915593,
      "1.5": 0.5644183426341725,
      "2.0": 0.5487075998663579,
      "3.0": 0.5285122219431223,
      "5.0": 0.5064099041566127,
      "10.0": 0.48447202977844406
    },
    "tasks": [
      "CloseFridge",
      "CoffeeSetupMug",
      "OpenDrawer",
      "OpenStandMixerHead",
      "PickPlaceCounterToCabinet",
      "PickPlaceCounterToStove",
      "TurnOnElectricKettle"
    ],
    "all_layers": [
      0,
      1,
      2,
      3,
      4,
      5,
      6,
      7,
      8,
      9,
      10,
      11,
      12,
      13,
      14,
      15
    ],
    "all_alphas": [
      0.1,
      0.3,
      0.5,
      0.8,
      1.0,
      1.5,
      2.0,
      3.0,
      5.0,
      10.0
    ]
  }
}