{
  "quotas": {
    "0": 23.71235474778833,
    "1": 25.852803130416973,
    "2": 25.7337046120287,
    "3": 25.679851114696664,
    "4": 25.511383635869333,
    "5": 24.754075433027126,
    "6": 23.838809074366505,
    "7": 22.292699358426823,
    "8": 21.67486335930985,
    "9": 19.91179440576593,
    "global": 34.75407783852226
  },
  "alpha": 0.5,
  "layer": 11
}