{
  "quotas": {
    "0": 51.218185122274676,
    "1": 53.65265273190054,
    "2": 51.63584492029079,
    "3": 50.62622027137425,
    "4": 49.198708386135145,
    "5": 46.853342145317114,
    "6": 43.954605653513866,
    "7": 40.57064253835659,
    "8": 38.791135195354215,
    "9": 35.146407670036524,
    "global": 67.7312040633059
  },
  "alpha": 1.0,
  "layer": 11
}