{
  "quotas": {
    "0": 5.190844737173986,
    "1": 5.621952367708068,
    "2": 6.158576099266588,
    "3": 6.840474926229698,
    "4": 7.386308984518216,
    "5": 7.831421387338667,
    "6": 8.6229030209532,
    "7": 9.27066678550724,
    "8": 10.460768920001334,
    "9": 12.48594712861452,
    "global": 8.385617159672456
  },
  "alpha": 0.1,
  "layer": 11
}