{
  "strategy3_a0.1_b0.1": {
    "fisher_p": 0.32950191570881227,
    "mannwhitney_p": 0.6482039260122094,
    "success_diff_95ci": [
      -0.4666666666666667,
      0.06666666666666667
    ]
  },
  "strategy5_a0.1_b0.1": {
    "fisher_p": 0.09961685823754791,
    "mannwhitney_p": 0.3614963660708982,
    "success_diff_95ci": [
      -0.5333333333333333,
      -0.06666666666666667
    ]
  },
  "posonly_global_a0.1_b0.1": {
    "fisher_p": 1.0,
    "mannwhitney_p": 0.7715511878155722,
    "success_diff_95ci": [
      -0.3333333333333333,
      0.3333333333333333
    ]
  },
  "posonly_perstep_a0.1_b0.1": {
    "fisher_p": 0.6513409961685823,
    "mannwhitney_p": 0.5338294217441396,
    "success_diff_95ci": [
      -0.4,
      0.13333333333333333
    ]
  },
  "strategy3_a0.1_b0.3": {
    "fisher_p": 0.6998500749625187,
    "mannwhitney_p": 0.8034625743147712,
    "success_diff_95ci": [
      -0.2,
      0.4666666666666667
    ]
  },
  "strategy5_a0.1_b0.3": {
    "fisher_p": 1.0,
    "mannwhitney_p": 0.6783024655972324,
    "success_diff_95ci": [
      -0.4,
      0.2
    ]
  },
  "posonly_global_a0.1_b0.3": {
    "fisher_p": 1.0,
    "mannwhitney_p": 0.5614474146848649,
    "success_diff_95ci": [
      -0.33333333333333337,
      0.2666666666666667
    ]
  },
  "posonly_perstep_a0.1_b0.3": {
    "fisher_p": 0.6513409961685823,
    "mannwhitney_p": 0.4067868333984651,
    "success_diff_95ci": [
      -0.4,
      0.13333333333333336
    ]
  },
  "strategy3_a0.1_b0.5": {
    "fisher_p": 0.6998500749625187,
    "mannwhitney_p": 1.0,
    "success_diff_95ci": [
      -0.2,
      0.4666666666666667
    ]
  },
  "strategy5_a0.1_b0.5": {
    "fisher_p": 1.0,
    "mannwhitney_p": 0.21337370709311831,
    "success_diff_95ci": [
      -0.33333333333333337,
      0.33333333333333337
    ]
  },
  "posonly_global_a0.1_b0.5": {
    "fisher_p": 1.0,
    "mannwhitney_p": 0.9338864180775845,
    "success_diff_95ci": [
      -0.2683333333333333,
      0.33333333333333337
    ]
  },
  "posonly_perstep_a0.1_b0.5": {
    "fisher_p": 0.6998500749625187,
    "mannwhitney_p": 0.9009714934164412,
    "success_diff_95ci": [
      -0.19999999999999998,
      0.4666666666666667
    ]
  },
  "strategy3_a0.5_b0.1": {
    "fisher_p": 0.6513409961685823,
    "mannwhitney_p": 1.0,
    "success_diff_95ci": [
      -0.4,
      0.13333333333333336
    ]
  },
  "strategy5_a0.5_b0.1": {
    "fisher_p": 1.0,
    "mannwhitney_p": 0.8034625743147712,
    "success_diff_95ci": [
      -0.3333333333333333,
      0.3333333333333333
    ]
  },
  "posonly_global_a0.5_b0.1": {
    "fisher_p": 0.6513409961685823,
    "mannwhitney_p": 0.6783024655972324,
    "success_diff_95ci": [
      -0.4,
      0.13333333333333333
    ]
  },
  "posonly_perstep_a0.5_b0.1": {
    "fisher_p": 0.6513409961685823,
    "mannwhitney_p": 0.6783024655972324,
    "success_diff_95ci": [
      -0.4,
      0.13333333333333333
    ]
  },
  "strategy3_a0.5_b0.3": {
    "fisher_p": 1.0,
    "mannwhitney_p": 0.48073111045562256,
    "success_diff_95ci": [
      -0.4,
      0.26666666666666666
    ]
  },
  "strategy5_a0.5_b0.3": {
    "fisher_p": 0.32950191570881227,
    "mannwhitney_p": 0.28084201086629845,
    "success_diff_95ci": [
      -0.4666666666666667,
      0.06666666666666667
    ]
  },
  "posonly_global_a0.5_b0.3": {
    "fisher_p": 0.32950191570881227,
    "mannwhitney_p": 0.24548500120312422,
    "success_diff_95ci": [
      -0.4666666666666667,
      0.06666666666666667
    ]
  },
  "posonly_perstep_a0.5_b0.3": {
    "fisher_p": 0.6513409961685823,
    "mannwhitney_p": 0.5338294217441396,
    "success_diff_95ci": [
      -0.4,
      0.13333333333333336
    ]
  },
  "strategy3_a0.5_b0.5": {
    "fisher_p": 1.0,
    "mannwhitney_p": 0.08149464839345506,
    "success_diff_95ci": [
      -0.33333333333333337,
      0.33333333333333337
    ]
  },
  "strategy5_a0.5_b0.5": {
    "fisher_p": 1.0,
    "mannwhitney_p": 0.8357050269952793,
    "success_diff_95ci": [
      -0.2666666666666667,
      0.4
    ]
  },
  "posonly_global_a0.5_b0.5": {
    "fisher_p": 0.6513409961685823,
    "mannwhitney_p": 0.5614474146848649,
    "success_diff_95ci": [
      -0.4,
      0.13333333333333336
    ]
  },
  "posonly_perstep_a0.5_b0.5": {
    "fisher_p": 0.6513409961685823,
    "mannwhitney_p": 0.38373262766250305,
    "success_diff_95ci": [
      -0.4,
      0.13333333333333336
    ]
  },
  "strategy3_a1.0_b0.1": {
    "fisher_p": 0.32950191570881227,
    "mannwhitney_p": 0.14657603430900068,
    "success_diff_95ci": [
      -0.4666666666666667,
      0.06666666666666667
    ]
  },
  "strategy5_a1.0_b0.1": {
    "fisher_p": 0.6513409961685823,
    "mannwhitney_p": 0.5897385933186072,
    "success_diff_95ci": [
      -0.4,
      0.13333333333333336
    ]
  },
  "posonly_global_a1.0_b0.1": {
    "fisher_p": 1.0,
    "mannwhitney_p": 0.7089232340537643,
    "success_diff_95ci": [
      -0.3333333333333333,
      0.3333333333333333
    ]
  },
  "posonly_perstep_a1.0_b0.1": {
    "fisher_p": 1.0,
    "mannwhitney_p": 0.6783024655972324,
    "success_diff_95ci": [
      -0.39999999999999997,
      0.26666666666666666
    ]
  },
  "strategy3_a1.0_b0.3": {
    "fisher_p": 0.6513409961685823,
    "mannwhitney_p": 0.08901797772326324,
    "success_diff_95ci": [
      -0.4,
      0.13333333333333333
    ]
  },
  "strategy5_a1.0_b0.3": {
    "fisher_p": 1.0,
    "mannwhitney_p": 0.1844100692216365,
    "success_diff_95ci": [
      -0.39999999999999997,
      0.26666666666666666
    ]
  },
  "posonly_global_a1.0_b0.3": {
    "fisher_p": 0.6513409961685823,
    "mannwhitney_p": 0.1985058531538877,
    "success_diff_95ci": [
      -0.4,
      0.13333333333333336
    ]
  },
  "posonly_perstep_a1.0_b0.3": {
    "fisher_p": 0.09961685823754791,
    "mannwhitney_p": 0.22902896662469463,
    "success_diff_95ci": [
      -0.5333333333333333,
      -0.06666666666666667
    ]
  },
  "strategy3_a1.0_b0.5": {
    "fisher_p": 1.0,
    "mannwhitney_p": 0.10573920209087935,
    "success_diff_95ci": [
      -0.4,
      0.26666666666666666
    ]
  },
  "strategy5_a1.0_b0.5": {
    "fisher_p": 0.6998500749625187,
    "mannwhitney_p": 0.6482039260122094,
    "success_diff_95ci": [
      -0.2,
      0.4666666666666667
    ]
  },
  "posonly_global_a1.0_b0.5": {
    "fisher_p": 0.32950191570881227,
    "mannwhitney_p": 0.28084201086629845,
    "success_diff_95ci": [
      -0.4666666666666667,
      0.06666666666666667
    ]
  },
  "posonly_perstep_a1.0_b0.5": {
    "fisher_p": 1.0,
    "mannwhitney_p": 0.5338294217441396,
    "success_diff_95ci": [
      -0.39999999999999997,
      0.2
    ]
  },
  "linear_a0.5": {
    "fisher_p": 1.0,
    "mannwhitney_p": 0.9338864180775845,
    "success_diff_95ci": [
      -0.3333333333333333,
      0.33333333333333337
    ]
  },
  "linear_a1.0": {
    "fisher_p": 0.6513409961685823,
    "mannwhitney_p": 0.7715511878155722,
    "success_diff_95ci": [
      -0.4,
      0.13333333333333336
    ]
  },
  "linear_a2.0": {
    "fisher_p": 1.0,
    "mannwhitney_p": 0.9009714934164412,
    "success_diff_95ci": [
      -0.33499999999999996,
      0.26666666666666666
    ]
  },
  "linear_a5.0": {
    "fisher_p": 1.0,
    "mannwhitney_p": 1.0,
    "success_diff_95ci": [
      -0.33499999999999996,
      0.2
    ]
  },
  "random_conceptor": {
    "fisher_p": 1.0,
    "mannwhitney_p": 0.26275304114766074,
    "success_diff_95ci": [
      -0.33333333333333337,
      0.3333333333333333
    ]
  }
}