{
  "quotas": {
    "0": 26.82240518573922,
    "1": 30.2333353408496,
    "2": 31.021389089029377,
    "3": 31.929426864469463,
    "4": 32.36665227042822,
    "5": 31.826331930222448,
    "6": 31.023846633400368,
    "7": 29.365551069361608,
    "8": 28.944145556720883,
    "9": 26.705558831715205,
    "global": 41.99592947959327
  },
  "alpha": 0.5,
  "layer": 11
}