{
  "quotas": {
    "0": 5.745799075171018,
    "1": 6.340960970550732,
    "2": 7.337908363194318,
    "3": 8.430322828871624,
    "4": 9.141196468467164,
    "5": 9.612180644424914,
    "6": 10.350941000435531,
    "7": 10.902397574196126,
    "8": 11.993564417421721,
    "9": 13.891505946202525,
    "global": 10.187298510910626
  },
  "alpha": 0.1,
  "layer": 11
}