{
  "quotas": {
    "0": 59.148169593782114,
    "1": 64.05326645933299,
    "2": 64.13084052489528,
    "3": 64.61756990569131,
    "4": 64.40085092212739,
    "5": 62.42926428244532,
    "6": 59.947934252216655,
    "7": 55.937016024735634,
    "8": 54.13926498195781,
    "9": 49.44098591131748,
    "global": 82.44439376638863
  },
  "alpha": 1.0,
  "layer": 11
}