{
  "strategy3_a0.1_b0.1": {
    "fisher_p": 1.0,
    "mannwhitney_p": 0.9669147771731937,
    "success_diff_95ci": [
      -0.33333333333333326,
      0.33333333333333337
    ]
  },
  "strategy5_a0.1_b0.1": {
    "fisher_p": 0.6513409961685823,
    "mannwhitney_p": 0.5897385933186072,
    "success_diff_95ci": [
      -0.13333333333333341,
      0.4666666666666667
    ]
  },
  "posonly_global_a0.1_b0.1": {
    "fisher_p": 1.0,
    "mannwhitney_p": 0.48073111045562256,
    "success_diff_95ci": [
      -0.20000000000000007,
      0.4
    ]
  },
  "posonly_perstep_a0.1_b0.1": {
    "fisher_p": 1.0,
    "mannwhitney_p": 0.5614474146848649,
    "success_diff_95ci": [
      -0.33333333333333337,
      0.2666666666666667
    ]
  },
  "strategy3_a0.1_b0.3": {
    "fisher_p": 0.26354191325389936,
    "mannwhitney_p": 0.5614474146848649,
    "success_diff_95ci": [
      -0.6000000000000001,
      0.06666666666666665
    ]
  },
  "strategy5_a0.1_b0.3": {
    "fisher_p": 0.13941976380230936,
    "mannwhitney_p": 0.21337370709311831,
    "success_diff_95ci": [
      -0.6666666666666667,
      0.0
    ]
  },
  "posonly_global_a0.1_b0.3": {
    "fisher_p": 1.0,
    "mannwhitney_p": 0.8357050269952793,
    "success_diff_95ci": [
      -0.2666666666666667,
      0.4
    ]
  },
  "posonly_perstep_a0.1_b0.3": {
    "fisher_p": 0.6998500749625187,
    "mannwhitney_p": 0.3614963660708982,
    "success_diff_95ci": [
      -0.4666666666666667,
      0.19999999999999996
    ]
  },
  "strategy3_a0.1_b0.5": {
    "fisher_p": 0.6998500749625187,
    "mannwhitney_p": 0.05639236422683157,
    "success_diff_95ci": [
      -0.4666666666666667,
      0.20000000000000007
    ]
  },
  "strategy5_a0.1_b0.5": {
    "fisher_p": 0.13941976380230936,
    "mannwhitney_p": 0.0018654646290708888,
    "success_diff_95ci": [
      -0.6666666666666667,
      0.0
    ]
  },
  "posonly_global_a0.1_b0.5": {
    "fisher_p": 0.6998500749625187,
    "mannwhitney_p": 0.43064798984807773,
    "success_diff_95ci": [
      -0.4666666666666667,
      0.20000000000000007
    ]
  },
  "posonly_perstep_a0.1_b0.5": {
    "fisher_p": 0.13941976380230936,
    "mannwhitney_p": 0.03101661143801677,
    "success_diff_95ci": [
      -0.6666666666666667,
      0.0
    ]
  },
  "strategy3_a0.5_b0.1": {
    "fisher_p": 0.6513409961685823,
    "mannwhitney_p": 0.8357050269952793,
    "success_diff_95ci": [
      -0.13333333333333341,
      0.4
    ]
  },
  "strategy5_a0.5_b0.1": {
    "fisher_p": 1.0,
    "mannwhitney_p": 0.26275304114766074,
    "success_diff_95ci": [
      -0.4,
      0.2666666666666667
    ]
  },
  "posonly_global_a0.5_b0.1": {
    "fisher_p": 0.6513409961685823,
    "mannwhitney_p": 0.43064798984807773,
    "success_diff_95ci": [
      -0.13333333333333341,
      0.4
    ]
  },
  "posonly_perstep_a0.5_b0.1": {
    "fisher_p": 1.0,
    "mannwhitney_p": 0.7715511878155722,
    "success_diff_95ci": [
      -0.33333333333333326,
      0.33333333333333337
    ]
  },
  "strategy3_a0.5_b0.3": {
    "fisher_p": 0.13941976380230936,
    "mannwhitney_p": 0.02253107159485839,
    "success_diff_95ci": [
      -0.6666666666666667,
      0.0
    ]
  },
  "strategy5_a0.5_b0.3": {
    "fisher_p": 1.0,
    "mannwhitney_p": 0.9009714934164412,
    "success_diff_95ci": [
      -0.33333333333333337,
      0.33333333333333326
    ]
  },
  "posonly_global_a0.5_b0.3": {
    "fisher_p": 1.0,
    "mannwhitney_p": 0.506914933812496,
    "success_diff_95ci": [
      -0.33333333333333337,
      0.33333333333333337
    ]
  },
  "posonly_perstep_a0.5_b0.3": {
    "fisher_p": 0.6513409961685823,
    "mannwhitney_p": 0.7089232340537643,
    "success_diff_95ci": [
      -0.13333333333333341,
      0.4
    ]
  },
  "strategy3_a0.5_b0.5": {
    "fisher_p": 1.0,
    "mannwhitney_p": 0.9669147771731937,
    "success_diff_95ci": [
      -0.4,
      0.2666666666666666
    ]
  },
  "strategy5_a0.5_b0.5": {
    "fisher_p": 0.13941976380230936,
    "mannwhitney_p": 0.03101661143801677,
    "success_diff_95ci": [
      -0.6666666666666667,
      0.0
    ]
  },
  "posonly_global_a0.5_b0.5": {
    "fisher_p": 1.0,
    "mannwhitney_p": 0.3614963660708982,
    "success_diff_95ci": [
      -0.4,
      0.2666666666666667
    ]
  },
  "posonly_perstep_a0.5_b0.5": {
    "fisher_p": 1.0,
    "mannwhitney_p": 0.7400217511938185,
    "success_diff_95ci": [
      -0.2666666666666666,
      0.33333333333333337
    ]
  },
  "strategy3_a1.0_b0.1": {
    "fisher_p": 1.0,
    "mannwhitney_p": 0.7400217511938185,
    "success_diff_95ci": [
      -0.4,
      0.2666666666666667
    ]
  },
  "strategy5_a1.0_b0.1": {
    "fisher_p": 0.6513409961685823,
    "mannwhitney_p": 0.6482039260122094,
    "success_diff_95ci": [
      -0.13333333333333341,
      0.4
    ]
  },
  "posonly_global_a1.0_b0.1": {
    "fisher_p": 0.6513409961685823,
    "mannwhitney_p": 0.9669147771731937,
    "success_diff_95ci": [
      -0.13333333333333341,
      0.4
    ]
  },
  "posonly_perstep_a1.0_b0.1": {
    "fisher_p": 0.32950191570881227,
    "mannwhitney_p": 0.21337370709311831,
    "success_diff_95ci": [
      -0.06666666666666665,
      0.4666666666666667
    ]
  },
  "strategy3_a1.0_b0.3": {
    "fisher_p": 0.6998500749625187,
    "mannwhitney_p": 0.48073111045562256,
    "success_diff_95ci": [
      -0.4666666666666667,
      0.20000000000000007
    ]
  },
  "strategy5_a1.0_b0.3": {
    "fisher_p": 0.6998500749625187,
    "mannwhitney_p": 0.5338294217441396,
    "success_diff_95ci": [
      -0.4666666666666667,
      0.20000000000000007
    ]
  },
  "posonly_global_a1.0_b0.3": {
    "fisher_p": 1.0,
    "mannwhitney_p": 0.7089232340537643,
    "success_diff_95ci": [
      -0.20166666666666663,
      0.4
    ]
  },
  "posonly_perstep_a1.0_b0.3": {
    "fisher_p": 0.4497251374312844,
    "mannwhitney_p": 0.5614474146848649,
    "success_diff_95ci": [
      -0.5333333333333334,
      0.1333333333333333
    ]
  },
  "strategy3_a1.0_b0.5": {
    "fisher_p": 0.06559547883437022,
    "mannwhitney_p": 0.014396852751179462,
    "success_diff_95ci": [
      -0.7333333333333334,
      -0.06666666666666665
    ]
  },
  "strategy5_a1.0_b0.5": {
    "fisher_p": 0.4497251374312844,
    "mannwhitney_p": 0.0032301435955866646,
    "success_diff_95ci": [
      -0.5333333333333334,
      0.1333333333333333
    ]
  },
  "posonly_global_a1.0_b0.5": {
    "fisher_p": 1.0,
    "mannwhitney_p": 0.6783024655972324,
    "success_diff_95ci": [
      -0.2666666666666666,
      0.4
    ]
  },
  "posonly_perstep_a1.0_b0.5": {
    "fisher_p": 0.32950191570881227,
    "mannwhitney_p": 0.38373262766250305,
    "success_diff_95ci": [
      -0.06666666666666665,
      0.4666666666666667
    ]
  },
  "linear_a0.5": {
    "fisher_p": 0.6998500749625187,
    "mannwhitney_p": 0.3400858902842717,
    "success_diff_95ci": [
      -0.4666666666666667,
      0.20000000000000007
    ]
  },
  "linear_a1.0": {
    "fisher_p": 1.0,
    "mannwhitney_p": 0.7715511878155722,
    "success_diff_95ci": [
      -0.4,
      0.2666666666666667
    ]
  },
  "linear_a2.0": {
    "fisher_p": 1.0,
    "mannwhitney_p": 0.4553018964198552,
    "success_diff_95ci": [
      -0.33333333333333337,
      0.33333333333333337
    ]
  },
  "linear_a5.0": {
    "fisher_p": 1.0,
    "mannwhitney_p": 0.24548500120312422,
    "success_diff_95ci": [
      -0.4,
      0.2666666666666667
    ]
  },
  "random_conceptor": {
    "fisher_p": 1.0,
    "mannwhitney_p": 0.14657603430900068,
    "success_diff_95ci": [
      -0.33333333333333337,
      0.33333333333333337
    ]
  }
}