{
  "quotas": {
    "0": 26.550695214858564,
    "1": 28.758758837528394,
    "2": 28.880124068726133,
    "3": 29.186041458992808,
    "4": 29.55982938057246,
    "5": 29.162340001951865,
    "6": 28.956250262870455,
    "7": 27.808991404617338,
    "8": 28.03438834665257,
    "9": 26.966505512205273,
    "global": 40.75772872401367
  },
  "alpha": 0.5,
  "layer": 11
}