{
  "quotas": {
    "0": 6.498764425902938,
    "1": 6.890171984281145,
    "2": 7.344278450835468,
    "3": 7.90285189872618,
    "4": 8.457806588750504,
    "5": 8.972568433258132,
    "6": 9.867171289515348,
    "7": 10.688228373027858,
    "8": 12.101149930667903,
    "9": 14.25692636441939,
    "global": 10.039378425457484
  },
  "alpha": 0.1,
  "layer": 11
}