{
  "quotas": {
    "0": 55.924355434009804,
    "1": 58.764174393673855,
    "2": 57.071670764888054,
    "3": 56.64465424621696,
    "4": 56.22994758113596,
    "5": 54.741834165988834,
    "6": 53.33745911608203,
    "7": 50.746306583966934,
    "8": 50.42364353253865,
    "9": 47.8557558489273,
    "global": 78.3550378749664
  },
  "alpha": 1.0,
  "layer": 11
}