{
  "strategy3_a0.1_b0.1": {
    "fisher_p": 0.1431109780507063,
    "mannwhitney_p": 0.02792505735330741,
    "success_diff_95ci": [
      0.0,
      0.6666666666666667
    ]
  },
  "strategy5_a0.1_b0.1": {
    "fisher_p": 0.007775059838501801,
    "mannwhitney_p": 0.05123941919274439,
    "success_diff_95ci": [
      0.20000000000000007,
      0.8
    ]
  },
  "posonly_global_a0.1_b0.1": {
    "fisher_p": 1.0,
    "mannwhitney_p": 0.4067868333984651,
    "success_diff_95ci": [
      -0.33333333333333337,
      0.3333333333333333
    ]
  },
  "posonly_perstep_a0.1_b0.1": {
    "fisher_p": 1.0,
    "mannwhitney_p": 0.6186695570822622,
    "success_diff_95ci": [
      -0.26666666666666666,
      0.4
    ]
  },
  "strategy3_a0.1_b0.3": {
    "fisher_p": 0.7103816512796233,
    "mannwhitney_p": 0.13538211004560674,
    "success_diff_95ci": [
      -0.2,
      0.4666666666666666
    ]
  },
  "strategy5_a0.1_b0.3": {
    "fisher_p": 0.007775059838501801,
    "mannwhitney_p": 0.06196961991403871,
    "success_diff_95ci": [
      0.20000000000000007,
      0.8
    ]
  },
  "posonly_global_a0.1_b0.3": {
    "fisher_p": 1.0,
    "mannwhitney_p": 0.14657603430900068,
    "success_diff_95ci": [
      -0.26666666666666666,
      0.39999999999999997
    ]
  },
  "posonly_perstep_a0.1_b0.3": {
    "fisher_p": 1.0,
    "mannwhitney_p": 0.08149464839345506,
    "success_diff_95ci": [
      -0.26666666666666666,
      0.4
    ]
  },
  "strategy3_a0.1_b0.5": {
    "fisher_p": 0.04214559386973179,
    "mannwhitney_p": 0.020191414969204246,
    "success_diff_95ci": [
      -0.6,
      -0.13333333333333333
    ]
  },
  "strategy5_a0.1_b0.5": {
    "fisher_p": 1.0,
    "mannwhitney_p": 0.4553018964198552,
    "success_diff_95ci": [
      -0.33333333333333337,
      0.3333333333333333
    ]
  },
  "posonly_global_a0.1_b0.5": {
    "fisher_p": 1.0,
    "mannwhitney_p": 0.10573920209087935,
    "success_diff_95ci": [
      -0.26666666666666666,
      0.39999999999999997
    ]
  },
  "posonly_perstep_a0.1_b0.5": {
    "fisher_p": 0.38984674329501917,
    "mannwhitney_p": 0.15846460599820356,
    "success_diff_95ci": [
      -0.5333333333333333,
      0.1333333333333333
    ]
  },
  "strategy3_a0.5_b0.1": {
    "fisher_p": 0.007775059838501801,
    "mannwhitney_p": 0.010121802247772722,
    "success_diff_95ci": [
      0.2666666666666666,
      0.8
    ]
  },
  "strategy5_a0.5_b0.1": {
    "fisher_p": 0.007775059838501801,
    "mannwhitney_p": 0.1844100692216365,
    "success_diff_95ci": [
      0.20000000000000007,
      0.8
    ]
  },
  "posonly_global_a0.5_b0.1": {
    "fisher_p": 1.0,
    "mannwhitney_p": 0.8034625743147712,
    "success_diff_95ci": [
      -0.33333333333333337,
      0.33333333333333337
    ]
  },
  "posonly_perstep_a0.5_b0.1": {
    "fisher_p": 1.0,
    "mannwhitney_p": 0.5614474146848649,
    "success_diff_95ci": [
      -0.26666666666666666,
      0.4
    ]
  },
  "strategy3_a0.5_b0.3": {
    "fisher_p": 1.0,
    "mannwhitney_p": 0.6482039260122094,
    "success_diff_95ci": [
      -0.33333333333333337,
      0.33333333333333337
    ]
  },
  "strategy5_a0.5_b0.3": {
    "fisher_p": 0.1431109780507063,
    "mannwhitney_p": 0.28084201086629845,
    "success_diff_95ci": [
      0.0,
      0.6666666666666667
    ]
  },
  "posonly_global_a0.5_b0.3": {
    "fisher_p": 0.16858237547892718,
    "mannwhitney_p": 0.9338864180775845,
    "success_diff_95ci": [
      -0.5333333333333333,
      0.0
    ]
  },
  "posonly_perstep_a0.5_b0.3": {
    "fisher_p": 0.6816591704147925,
    "mannwhitney_p": 0.9009714934164412,
    "success_diff_95ci": [
      -0.4666666666666667,
      0.19999999999999998
    ]
  },
  "strategy3_a0.5_b0.5": {
    "fisher_p": 0.16858237547892718,
    "mannwhitney_p": 0.01614027989360373,
    "success_diff_95ci": [
      -0.5333333333333333,
      0.0
    ]
  },
  "strategy5_a0.5_b0.5": {
    "fisher_p": 0.04214559386973179,
    "mannwhitney_p": 0.02510289275359325,
    "success_diff_95ci": [
      -0.6,
      -0.13333333333333333
    ]
  },
  "posonly_global_a0.5_b0.5": {
    "fisher_p": 1.0,
    "mannwhitney_p": 0.12486035998214667,
    "success_diff_95ci": [
      -0.4,
      0.26666666666666666
    ]
  },
  "posonly_perstep_a0.5_b0.5": {
    "fisher_p": 0.38984674329501917,
    "mannwhitney_p": 0.4553018964198552,
    "success_diff_95ci": [
      -0.4666666666666667,
      0.06666666666666671
    ]
  },
  "strategy3_a1.0_b0.1": {
    "fisher_p": 0.46213735237644327,
    "mannwhitney_p": 0.4553018964198552,
    "success_diff_95ci": [
      -0.13333333333333336,
      0.5333333333333333
    ]
  },
  "strategy5_a1.0_b0.1": {
    "fisher_p": 0.025327687033676136,
    "mannwhitney_p": 0.13538211004560674,
    "success_diff_95ci": [
      0.1333333333333333,
      0.7333333333333334
    ]
  },
  "posonly_global_a1.0_b0.1": {
    "fisher_p": 1.0,
    "mannwhitney_p": 0.9338864180775845,
    "success_diff_95ci": [
      -0.3333333333333333,
      0.3333333333333333
    ]
  },
  "posonly_perstep_a1.0_b0.1": {
    "fisher_p": 0.6816591704147925,
    "mannwhitney_p": 0.7400217511938185,
    "success_diff_95ci": [
      -0.4666666666666667,
      0.19999999999999998
    ]
  },
  "strategy3_a1.0_b0.3": {
    "fisher_p": 0.1431109780507063,
    "mannwhitney_p": 0.0744956919139866,
    "success_diff_95ci": [
      -0.0016666666666665716,
      0.6666666666666667
    ]
  },
  "strategy5_a1.0_b0.3": {
    "fisher_p": 0.27230347674459987,
    "mannwhitney_p": 0.04648668639528603,
    "success_diff_95ci": [
      -0.06666666666666671,
      0.6000000000000001
    ]
  },
  "posonly_global_a1.0_b0.3": {
    "fisher_p": 0.6816591704147925,
    "mannwhitney_p": 0.9669147771731937,
    "success_diff_95ci": [
      -0.4666666666666666,
      0.19999999999999998
    ]
  },
  "posonly_perstep_a1.0_b0.3": {
    "fisher_p": 1.0,
    "mannwhitney_p": 0.5614474146848649,
    "success_diff_95ci": [
      -0.33333333333333337,
      0.3333333333333333
    ]
  },
  "strategy3_a1.0_b0.5": {
    "fisher_p": 0.04214559386973179,
    "mannwhitney_p": 0.06799575043506911,
    "success_diff_95ci": [
      -0.6,
      -0.13333333333333333
    ]
  },
  "strategy5_a1.0_b0.5": {
    "fisher_p": 0.16858237547892718,
    "mannwhitney_p": 0.26275304114766074,
    "success_diff_95ci": [
      -0.5333333333333333,
      0.0
    ]
  },
  "posonly_global_a1.0_b0.5": {
    "fisher_p": 1.0,
    "mannwhitney_p": 0.4553018964198552,
    "success_diff_95ci": [
      -0.4,
      0.26666666666666666
    ]
  },
  "posonly_perstep_a1.0_b0.5": {
    "fisher_p": 0.38984674329501917,
    "mannwhitney_p": 0.7089232340537643,
    "success_diff_95ci": [
      -0.4666666666666667,
      0.06666666666666667
    ]
  },
  "linear_a0.5": {
    "fisher_p": 1.0,
    "mannwhitney_p": 0.9669147771731937,
    "success_diff_95ci": [
      -0.3333333333333333,
      0.3333333333333333
    ]
  },
  "linear_a1.0": {
    "fisher_p": 1.0,
    "mannwhitney_p": 0.9669147771731937,
    "success_diff_95ci": [
      -0.4,
      0.26666666666666666
    ]
  },
  "linear_a2.0": {
    "fisher_p": 1.0,
    "mannwhitney_p": 0.8682259903524354,
    "success_diff_95ci": [
      -0.4,
      0.26666666666666666
    ]
  },
  "linear_a5.0": {
    "fisher_p": 0.6816591704147925,
    "mannwhitney_p": 1.0,
    "success_diff_95ci": [
      -0.4666666666666667,
      0.13333333333333336
    ]
  },
  "random_conceptor": {
    "fisher_p": 0.025327687033676136,
    "mannwhitney_p": 0.042110616791807005,
    "success_diff_95ci": [
      0.1333333333333333,
      0.7333333333333334
    ]
  }
}