{
  "quotas": {
    "0": 41.79857210911051,
    "1": 42.741378557031936,
    "2": 40.59093679926401,
    "3": 39.31011211118973,
    "4": 38.45090929697004,
    "5": 37.4359473967224,
    "6": 36.013757656041996,
    "7": 34.4818075719776,
    "8": 34.01713632202892,
    "9": 31.34745174097627,
    "global": 61.98552251696479
  },
  "alpha": 1.0,
  "layer": 11
}