{
  "quotas": {
    "0": 20.565186955066842,
    "1": 21.869096528449706,
    "2": 21.829348848578423,
    "3": 21.79764009815441,
    "4": 21.94125642986186,
    "5": 21.81139723225725,
    "6": 21.555687620606278,
    "7": 20.825411288954413,
    "8": 20.76440906450827,
    "9": 19.367464825828804,
    "global": 33.574902092068015
  },
  "alpha": 0.5,
  "layer": 11
}