{
  "quotas": {
    "0": 5.728044373351442,
    "1": 6.093355116100549,
    "2": 6.594465882135457,
    "3": 7.214726796106931,
    "4": 7.783869482792722,
    "5": 8.316592132246434,
    "6": 9.135248503771543,
    "7": 9.90597115851479,
    "8": 11.164846083197252,
    "9": 13.176961120067693,
    "global": 9.23262543084445
  },
  "alpha": 0.1,
  "layer": 11
}