{
  "quotas": {
    "0": 8.377615882046282,
    "1": 10.668353032224916,
    "2": 12.281883445835604,
    "3": 13.497207632169653,
    "4": 14.59330141028864,
    "5": 15.239744167420458,
    "6": 15.921775686444612,
    "7": 15.77481517068442,
    "8": 15.856942877461911,
    "9": 16.47026335275737,
    "global": 15.93916296295426
  },
  "alpha": 0.1,
  "layer": 11
}