{
  "quotas": {
    "0": 40.19519278271408,
    "1": 49.16777710460993,
    "2": 52.11368441869814,
    "3": 55.02445701596102,
    "4": 58.27181184728319,
    "5": 59.59774632743771,
    "6": 60.04967221587468,
    "7": 55.91489138472911,
    "8": 49.70704283346632,
    "9": 40.17387031699286,
    "global": 69.51155192127736
  },
  "alpha": 0.5,
  "layer": 11
}