{
  "quotas": {
    "0": 82.40152885243278,
    "1": 94.13041960808265,
    "2": 97.60004564935818,
    "3": 101.34776430295177,
    "4": 105.12281140483084,
    "5": 105.92820251443635,
    "6": 105.852956866012,
    "7": 99.04691775137215,
    "8": 88.72046120210823,
    "9": 72.49733815553634,
    "global": 125.87436559939026
  },
  "alpha": 1.0,
  "layer": 11
}