{
  "strategy3_a0.1_b0.1": {
    "fisher_p": 1.0,
    "mannwhitney_p": 0.5897385933186072,
    "success_diff_95ci": [
      -0.3333333333333333,
      0.3333333333333333
    ]
  },
  "strategy5_a0.1_b0.1": {
    "fisher_p": 0.7152491865522348,
    "mannwhitney_p": 0.3195059648919748,
    "success_diff_95ci": [
      -0.2666666666666666,
      0.4666666666666667
    ]
  },
  "posonly_global_a0.1_b0.1": {
    "fisher_p": 1.0,
    "mannwhitney_p": 0.8682259903524354,
    "success_diff_95ci": [
      -0.26666666666666666,
      0.4
    ]
  },
  "posonly_perstep_a0.1_b0.1": {
    "fisher_p": 1.0,
    "mannwhitney_p": 0.7089232340537643,
    "success_diff_95ci": [
      -0.26666666666666666,
      0.4666666666666666
    ]
  },
  "strategy3_a0.1_b0.3": {
    "fisher_p": 0.24507746126936533,
    "mannwhitney_p": 0.007016199234239618,
    "success_diff_95ci": [
      -0.6,
      0.06666666666666665
    ]
  },
  "strategy5_a0.1_b0.3": {
    "fisher_p": 0.24507746126936533,
    "mannwhitney_p": 0.03101661143801677,
    "success_diff_95ci": [
      -0.6,
      0.06666666666666665
    ]
  },
  "posonly_global_a0.1_b0.3": {
    "fisher_p": 1.0,
    "mannwhitney_p": 0.6482039260122094,
    "success_diff_95ci": [
      -0.33333333333333337,
      0.3333333333333333
    ]
  },
  "posonly_perstep_a0.1_b0.3": {
    "fisher_p": 0.7103816512796233,
    "mannwhitney_p": 0.5614474146848649,
    "success_diff_95ci": [
      -0.4666666666666667,
      0.2
    ]
  },
  "strategy3_a0.1_b0.5": {
    "fisher_p": 0.00632183908045977,
    "mannwhitney_p": 0.004209946028667896,
    "success_diff_95ci": [
      -0.7333333333333333,
      -0.2
    ]
  },
  "strategy5_a0.1_b0.5": {
    "fisher_p": 0.00632183908045977,
    "mannwhitney_p": 0.0012151954178690621,
    "success_diff_95ci": [
      -0.7333333333333333,
      -0.2
    ]
  },
  "posonly_global_a0.1_b0.5": {
    "fisher_p": 0.7103816512796233,
    "mannwhitney_p": 0.3400858902842717,
    "success_diff_95ci": [
      -0.4666666666666667,
      0.2
    ]
  },
  "posonly_perstep_a0.1_b0.5": {
    "fisher_p": 0.7103816512796233,
    "mannwhitney_p": 0.6482039260122094,
    "success_diff_95ci": [
      -0.4666666666666667,
      0.2666666666666666
    ]
  },
  "strategy3_a0.5_b0.1": {
    "fisher_p": 1.0,
    "mannwhitney_p": 0.6186695570822622,
    "success_diff_95ci": [
      -0.33333333333333337,
      0.3333333333333333
    ]
  },
  "strategy5_a0.5_b0.1": {
    "fisher_p": 0.7103816512796233,
    "mannwhitney_p": 0.15846460599820356,
    "success_diff_95ci": [
      -0.4666666666666667,
      0.2
    ]
  },
  "posonly_global_a0.5_b0.1": {
    "fisher_p": 0.7103816512796233,
    "mannwhitney_p": 0.8034625743147712,
    "success_diff_95ci": [
      -0.4666666666666667,
      0.2
    ]
  },
  "posonly_perstep_a0.5_b0.1": {
    "fisher_p": 1.0,
    "mannwhitney_p": 0.8034625743147712,
    "success_diff_95ci": [
      -0.33333333333333337,
      0.3333333333333333
    ]
  },
  "strategy3_a0.5_b0.3": {
    "fisher_p": 0.10864567716141928,
    "mannwhitney_p": 0.020191414969204246,
    "success_diff_95ci": [
      -0.6,
      -0.06666666666666665
    ]
  },
  "strategy5_a0.5_b0.3": {
    "fisher_p": 0.24507746126936533,
    "mannwhitney_p": 0.04648668639528603,
    "success_diff_95ci": [
      -0.6,
      0.06666666666666665
    ]
  },
  "posonly_global_a0.5_b0.3": {
    "fisher_p": 1.0,
    "mannwhitney_p": 0.7400217511938185,
    "success_diff_95ci": [
      -0.39999999999999997,
      0.3333333333333333
    ]
  },
  "posonly_perstep_a0.5_b0.3": {
    "fisher_p": 1.0,
    "mannwhitney_p": 0.8682259903524354,
    "success_diff_95ci": [
      -0.4666666666666666,
      0.26666666666666666
    ]
  },
  "strategy3_a0.5_b0.5": {
    "fisher_p": 0.00632183908045977,
    "mannwhitney_p": 0.0001603262273507153,
    "success_diff_95ci": [
      -0.7333333333333333,
      -0.2
    ]
  },
  "strategy5_a0.5_b0.5": {
    "fisher_p": 0.00632183908045977,
    "mannwhitney_p": 0.00013564226281566485,
    "success_diff_95ci": [
      -0.7333333333333333,
      -0.2
    ]
  },
  "posonly_global_a0.5_b0.5": {
    "fisher_p": 0.44972513743128434,
    "mannwhitney_p": 0.3400858902842717,
    "success_diff_95ci": [
      -0.5333333333333333,
      0.1333333333333333
    ]
  },
  "posonly_perstep_a0.5_b0.5": {
    "fisher_p": 0.44972513743128434,
    "mannwhitney_p": 0.3195059648919748,
    "success_diff_95ci": [
      -0.5333333333333333,
      0.13333333333333336
    ]
  },
  "strategy3_a1.0_b0.1": {
    "fisher_p": 0.7103816512796233,
    "mannwhitney_p": 0.22902896662469463,
    "success_diff_95ci": [
      -0.4666666666666667,
      0.2
    ]
  },
  "strategy5_a1.0_b0.1": {
    "fisher_p": 0.44972513743128434,
    "mannwhitney_p": 0.03808828420629213,
    "success_diff_95ci": [
      -0.5333333333333333,
      0.1333333333333333
    ]
  },
  "posonly_global_a1.0_b0.1": {
    "fisher_p": 1.0,
    "mannwhitney_p": 1.0,
    "success_diff_95ci": [
      -0.33333333333333326,
      0.39999999999999997
    ]
  },
  "posonly_perstep_a1.0_b0.1": {
    "fisher_p": 1.0,
    "mannwhitney_p": 0.8357050269952793,
    "success_diff_95ci": [
      -0.33333333333333326,
      0.4
    ]
  },
  "strategy3_a1.0_b0.3": {
    "fisher_p": 0.10864567716141928,
    "mannwhitney_p": 0.0024626042007544527,
    "success_diff_95ci": [
      -0.6000000000000001,
      -0.06666666666666665
    ]
  },
  "strategy5_a1.0_b0.3": {
    "fisher_p": 0.0351824087956022,
    "mannwhitney_p": 0.0028226386759533724,
    "success_diff_95ci": [
      -0.6666666666666666,
      -0.13333333333333333
    ]
  },
  "posonly_global_a1.0_b0.3": {
    "fisher_p": 0.24507746126936533,
    "mannwhitney_p": 0.17106923105635186,
    "success_diff_95ci": [
      -0.6,
      0.06666666666666665
    ]
  },
  "posonly_perstep_a1.0_b0.3": {
    "fisher_p": 1.0,
    "mannwhitney_p": 0.8682259903524354,
    "success_diff_95ci": [
      -0.3333333333333333,
      0.3333333333333333
    ]
  },
  "strategy3_a1.0_b0.5": {
    "fisher_p": 0.00632183908045977,
    "mannwhitney_p": 1.6053092802023668e-05,
    "success_diff_95ci": [
      -0.7333333333333333,
      -0.2
    ]
  },
  "strategy5_a1.0_b0.5": {
    "fisher_p": 0.00632183908045977,
    "mannwhitney_p": 0.0002228932910846752,
    "success_diff_95ci": [
      -0.7333333333333333,
      -0.2
    ]
  },
  "posonly_global_a1.0_b0.5": {
    "fisher_p": 1.0,
    "mannwhitney_p": 0.7400217511938185,
    "success_diff_95ci": [
      -0.4,
      0.26666666666666666
    ]
  },
  "posonly_perstep_a1.0_b0.5": {
    "fisher_p": 1.0,
    "mannwhitney_p": 0.7400217511938185,
    "success_diff_95ci": [
      -0.3333333333333333,
      0.3333333333333333
    ]
  },
  "linear_a0.5": {
    "fisher_p": 1.0,
    "mannwhitney_p": 0.9338864180775845,
    "success_diff_95ci": [
      -0.4,
      0.26666666666666666
    ]
  },
  "linear_a1.0": {
    "fisher_p": 0.7152491865522348,
    "mannwhitney_p": 0.5897385933186072,
    "success_diff_95ci": [
      -0.2,
      0.46666666666666673
    ]
  },
  "linear_a2.0": {
    "fisher_p": 0.4621373523764433,
    "mannwhitney_p": 0.6482039260122094,
    "success_diff_95ci": [
      -0.1333333333333333,
      0.5333333333333334
    ]
  },
  "linear_a5.0": {
    "fisher_p": 1.0,
    "mannwhitney_p": 0.9669147771731937,
    "success_diff_95ci": [
      -0.26666666666666666,
      0.4
    ]
  },
  "random_conceptor": {
    "fisher_p": 0.24507746126936533,
    "mannwhitney_p": 0.005452139856940547,
    "success_diff_95ci": [
      -0.6,
      0.06666666666666665
    ]
  }
}