{
  "quotas": {
    "0": 66.93394298753489,
    "1": 69.40968137198357,
    "2": 66.5953657704377,
    "3": 65.5792195518597,
    "4": 65.40425816396032,
    "5": 63.46448643377069,
    "6": 61.78551803181173,
    "7": 58.65889939571627,
    "8": 57.22277842993136,
    "9": 51.122971836040335,
    "global": 85.6462161037187
  },
  "alpha": 1.0,
  "layer": 11
}