{
  "quotas": {
    "0": 31.330732029347086,
    "1": 33.05960455698312,
    "2": 32.714534736834494,
    "3": 32.615427632887645,
    "4": 33.0261182747431,
    "5": 32.460098189142336,
    "6": 32.17419883587495,
    "7": 30.792791196237335,
    "8": 30.56963209105181,
    "9": 27.610341441213407,
    "global": 43.52109630449766
  },
  "alpha": 0.5,
  "layer": 11
}