{
  "quotas": {
    "0": 6.652800383602848,
    "1": 6.973445637649547,
    "2": 7.3592360859260495,
    "3": 7.912868063385886,
    "4": 8.453387873848872,
    "5": 8.943254165457594,
    "6": 9.83027896614876,
    "7": 10.637961271293412,
    "8": 11.963543646941979,
    "9": 13.848367432050386,
    "global": 10.027911099325195
  },
  "alpha": 0.1,
  "layer": 11
}