{
  "strategy3_a0.1_b0.1": {
    "fisher_p": 0.5977011494252873,
    "mannwhitney_p": 0.08149464839345506,
    "success_diff_95ci": [
      -0.06833333333333333,
      0.4
    ]
  },
  "strategy5_a0.1_b0.1": {
    "fisher_p": 1.0,
    "mannwhitney_p": 0.4553018964198552,
    "success_diff_95ci": [
      -0.20000000000000007,
      0.33333333333333337
    ]
  },
  "posonly_global_a0.1_b0.1": {
    "fisher_p": 0.22413793103448276,
    "mannwhitney_p": 0.3400858902842717,
    "success_diff_95ci": [
      0.0,
      0.4
    ]
  },
  "posonly_perstep_a0.1_b0.1": {
    "fisher_p": 0.42698650674662664,
    "mannwhitney_p": 0.43064798984807773,
    "success_diff_95ci": [
      -0.5333333333333333,
      0.1333333333333333
    ]
  },
  "strategy3_a0.1_b0.3": {
    "fisher_p": 1.0,
    "mannwhitney_p": 0.04648668639528603,
    "success_diff_95ci": [
      -0.20000000000000007,
      0.33333333333333337
    ]
  },
  "strategy5_a0.1_b0.3": {
    "fisher_p": 1.0,
    "mannwhitney_p": 0.2997583700887151,
    "success_diff_95ci": [
      -0.2666666666666667,
      0.2666666666666667
    ]
  },
  "posonly_global_a0.1_b0.3": {
    "fisher_p": 0.06043294142402481,
    "mannwhitney_p": 0.17106923105635186,
    "success_diff_95ci": [
      -0.7333333333333334,
      -0.06666666666666665
    ]
  },
  "posonly_perstep_a0.1_b0.3": {
    "fisher_p": 1.0,
    "mannwhitney_p": 0.3614963660708982,
    "success_diff_95ci": [
      -0.33333333333333337,
      0.20000000000000007
    ]
  },
  "strategy3_a0.1_b0.5": {
    "fisher_p": 0.025327687033676136,
    "mannwhitney_p": 0.08901797772326324,
    "success_diff_95ci": [
      -0.7333333333333334,
      -0.1333333333333333
    ]
  },
  "strategy5_a0.1_b0.5": {
    "fisher_p": 0.12813593203398302,
    "mannwhitney_p": 0.3614963660708982,
    "success_diff_95ci": [
      -0.6666666666666667,
      0.0
    ]
  },
  "posonly_global_a0.1_b0.5": {
    "fisher_p": 1.0,
    "mannwhitney_p": 1.0,
    "success_diff_95ci": [
      -0.4,
      0.2666666666666667
    ]
  },
  "posonly_perstep_a0.1_b0.5": {
    "fisher_p": 0.6816591704147925,
    "mannwhitney_p": 0.06799575043506911,
    "success_diff_95ci": [
      -0.4666666666666667,
      0.20000000000000007
    ]
  },
  "strategy3_a0.5_b0.1": {
    "fisher_p": 1.0,
    "mannwhitney_p": 0.05639236422683157,
    "success_diff_95ci": [
      -0.20000000000000007,
      0.33333333333333337
    ]
  },
  "strategy5_a0.5_b0.1": {
    "fisher_p": 0.22413793103448276,
    "mannwhitney_p": 0.8682259903524354,
    "success_diff_95ci": [
      0.0,
      0.4
    ]
  },
  "posonly_global_a0.5_b0.1": {
    "fisher_p": 1.0,
    "mannwhitney_p": 0.6783024655972324,
    "success_diff_95ci": [
      -0.2666666666666667,
      0.2666666666666667
    ]
  },
  "posonly_perstep_a0.5_b0.1": {
    "fisher_p": 1.0,
    "mannwhitney_p": 0.6482039260122094,
    "success_diff_95ci": [
      -0.2666666666666667,
      0.2666666666666667
    ]
  },
  "strategy3_a0.5_b0.3": {
    "fisher_p": 0.12813593203398302,
    "mannwhitney_p": 0.5614474146848649,
    "success_diff_95ci": [
      -0.6000000000000001,
      0.0
    ]
  },
  "strategy5_a0.5_b0.3": {
    "fisher_p": 1.0,
    "mannwhitney_p": 0.9338864180775845,
    "success_diff_95ci": [
      -0.4,
      0.20000000000000007
    ]
  },
  "posonly_global_a0.5_b0.3": {
    "fisher_p": 1.0,
    "mannwhitney_p": 0.7089232340537643,
    "success_diff_95ci": [
      -0.33333333333333337,
      0.20000000000000007
    ]
  },
  "posonly_perstep_a0.5_b0.3": {
    "fisher_p": 0.5977011494252873,
    "mannwhitney_p": 0.506914933812496,
    "success_diff_95ci": [
      -0.06666666666666665,
      0.4
    ]
  },
  "strategy3_a0.5_b0.5": {
    "fisher_p": 0.002814330708742636,
    "mannwhitney_p": 0.0004936885181146133,
    "success_diff_95ci": [
      -0.8666666666666667,
      -0.3316666666666681
    ]
  },
  "strategy5_a0.5_b0.5": {
    "fisher_p": 0.009220570313398513,
    "mannwhitney_p": 0.03808828420629213,
    "success_diff_95ci": [
      -0.8,
      -0.2
    ]
  },
  "posonly_global_a0.5_b0.5": {
    "fisher_p": 0.42698650674662664,
    "mannwhitney_p": 0.1985058531538877,
    "success_diff_95ci": [
      -0.5333333333333333,
      0.1333333333333333
    ]
  },
  "posonly_perstep_a0.5_b0.5": {
    "fisher_p": 1.0,
    "mannwhitney_p": 0.8034625743147712,
    "success_diff_95ci": [
      -0.2666666666666667,
      0.2666666666666667
    ]
  },
  "strategy3_a1.0_b0.1": {
    "fisher_p": 0.22413793103448276,
    "mannwhitney_p": 0.11498741920155964,
    "success_diff_95ci": [
      0.0,
      0.4
    ]
  },
  "strategy5_a1.0_b0.1": {
    "fisher_p": 1.0,
    "mannwhitney_p": 0.3400858902842717,
    "success_diff_95ci": [
      -0.20000000000000007,
      0.33333333333333337
    ]
  },
  "posonly_global_a1.0_b0.1": {
    "fisher_p": 0.5977011494252873,
    "mannwhitney_p": 0.3614963660708982,
    "success_diff_95ci": [
      -0.1333333333333333,
      0.4
    ]
  },
  "posonly_perstep_a1.0_b0.1": {
    "fisher_p": 1.0,
    "mannwhitney_p": 0.3195059648919748,
    "success_diff_95ci": [
      -0.2666666666666667,
      0.33333333333333337
    ]
  },
  "strategy3_a1.0_b0.3": {
    "fisher_p": 1.0,
    "mannwhitney_p": 0.6186695570822622,
    "success_diff_95ci": [
      -0.2666666666666667,
      0.2666666666666667
    ]
  },
  "strategy5_a1.0_b0.3": {
    "fisher_p": 0.5977011494252873,
    "mannwhitney_p": 0.05123941919274439,
    "success_diff_95ci": [
      -0.06666666666666665,
      0.4
    ]
  },
  "posonly_global_a1.0_b0.3": {
    "fisher_p": 1.0,
    "mannwhitney_p": 0.9009714934164412,
    "success_diff_95ci": [
      -0.33333333333333337,
      0.2666666666666667
    ]
  },
  "posonly_perstep_a1.0_b0.3": {
    "fisher_p": 1.0,
    "mannwhitney_p": 1.0,
    "success_diff_95ci": [
      -0.20000000000000007,
      0.33333333333333337
    ]
  },
  "strategy3_a1.0_b0.5": {
    "fisher_p": 0.009220570313398513,
    "mannwhitney_p": 0.005452139856940547,
    "success_diff_95ci": [
      -0.8,
      -0.19999999999999996
    ]
  },
  "strategy5_a1.0_b0.5": {
    "fisher_p": 0.00011573160788027037,
    "mannwhitney_p": 0.0003078634611799441,
    "success_diff_95ci": [
      -0.9333333333333333,
      -0.4666666666666667
    ]
  },
  "posonly_global_a1.0_b0.5": {
    "fisher_p": 1.0,
    "mannwhitney_p": 0.8357050269952793,
    "success_diff_95ci": [
      -0.4,
      0.20000000000000007
    ]
  },
  "posonly_perstep_a1.0_b0.5": {
    "fisher_p": 1.0,
    "mannwhitney_p": 0.9669147771731937,
    "success_diff_95ci": [
      -0.33333333333333337,
      0.2666666666666667
    ]
  },
  "linear_a0.5": {
    "fisher_p": 1.0,
    "mannwhitney_p": 0.9338864180775845,
    "success_diff_95ci": [
      -0.20000000000000007,
      0.33333333333333337
    ]
  },
  "linear_a1.0": {
    "fisher_p": 0.2450774612693653,
    "mannwhitney_p": 0.14657603430900068,
    "success_diff_95ci": [
      -0.6000000000000001,
      0.06666666666666665
    ]
  },
  "linear_a2.0": {
    "fisher_p": 1.0,
    "mannwhitney_p": 0.2997583700887151,
    "success_diff_95ci": [
      -0.2666666666666667,
      0.26833333333333187
    ]
  },
  "linear_a5.0": {
    "fisher_p": 0.42698650674662664,
    "mannwhitney_p": 0.9669147771731937,
    "success_diff_95ci": [
      -0.5333333333333333,
      0.1333333333333333
    ]
  },
  "random_conceptor": {
    "fisher_p": 1.0,
    "mannwhitney_p": 0.14657603430900068,
    "success_diff_95ci": [
      -0.20000000000000007,
      0.33333333333333337
    ]
  }
}