{
  "quotas": {
    "0": 7.189393615290886,
    "1": 9.070264086401485,
    "2": 10.818044073321314,
    "3": 11.72898122135869,
    "4": 12.122959738843525,
    "5": 12.30695250446363,
    "6": 12.749349615265892,
    "7": 13.116661380673415,
    "8": 14.165623055565186,
    "9": 15.86886646670124,
    "global": 13.26730202960352
  },
  "alpha": 0.1,
  "layer": 11
}