{
  "quotas": {
    "0": 60.48365669032142,
    "1": 68.56184080507424,
    "2": 68.43013802749327,
    "3": 68.63842983684762,
    "4": 68.41784883823894,
    "5": 66.7309726447908,
    "6": 65.02387280563381,
    "7": 61.80927223422626,
    "8": 60.860954694529966,
    "9": 56.841557587020745,
    "global": 91.0800470235153
  },
  "alpha": 1.0,
  "layer": 11
}