{
  "quotas": {
    "0": 29.49123628027194,
    "1": 36.303267708916245,
    "2": 36.89798628026939,
    "3": 37.28191297162821,
    "4": 37.44598452968056,
    "5": 36.88430593931254,
    "6": 36.226244695278496,
    "7": 34.56217601988888,
    "8": 34.31912931581003,
    "9": 32.22737039077586,
    "global": 49.77262389691375
  },
  "alpha": 0.5,
  "layer": 11
}