{
  "strategy3_a0.1_b0.1": {
    "fisher_p": 1.0,
    "mannwhitney_p": 0.3614963660708982,
    "success_diff_95ci": [
      -0.26666666666666666,
      0.39999999999999997
    ]
  },
  "strategy5_a0.1_b0.1": {
    "fisher_p": 0.4660922247854402,
    "mannwhitney_p": 0.1985058531538877,
    "success_diff_95ci": [
      -0.13333333333333336,
      0.5333333333333334
    ]
  },
  "posonly_global_a0.1_b0.1": {
    "fisher_p": 0.7152491865522348,
    "mannwhitney_p": 0.6186695570822622,
    "success_diff_95ci": [
      -0.2666666666666666,
      0.4666666666666667
    ]
  },
  "posonly_perstep_a0.1_b0.1": {
    "fisher_p": 0.42698650674662664,
    "mannwhitney_p": 0.8034625743147712,
    "success_diff_95ci": [
      -0.5333333333333333,
      0.1333333333333333
    ]
  },
  "strategy3_a0.1_b0.3": {
    "fisher_p": 1.0,
    "mannwhitney_p": 0.9009714934164412,
    "success_diff_95ci": [
      -0.3333333333333333,
      0.33333333333333337
    ]
  },
  "strategy5_a0.1_b0.3": {
    "fisher_p": 0.6998500749625187,
    "mannwhitney_p": 0.9338864180775845,
    "success_diff_95ci": [
      -0.4666666666666667,
      0.2
    ]
  },
  "posonly_global_a0.1_b0.3": {
    "fisher_p": 1.0,
    "mannwhitney_p": 0.8682259903524354,
    "success_diff_95ci": [
      -0.3333333333333333,
      0.33333333333333337
    ]
  },
  "posonly_perstep_a0.1_b0.3": {
    "fisher_p": 1.0,
    "mannwhitney_p": 0.5614474146848649,
    "success_diff_95ci": [
      -0.3333333333333333,
      0.3333333333333333
    ]
  },
  "strategy3_a0.1_b0.5": {
    "fisher_p": 0.21475928702315508,
    "mannwhitney_p": 0.6482039260122094,
    "success_diff_95ci": [
      -0.6,
      0.06666666666666665
    ]
  },
  "strategy5_a0.1_b0.5": {
    "fisher_p": 0.6998500749625187,
    "mannwhitney_p": 0.4067868333984651,
    "success_diff_95ci": [
      -0.4666666666666667,
      0.2
    ]
  },
  "posonly_global_a0.1_b0.5": {
    "fisher_p": 1.0,
    "mannwhitney_p": 0.5614474146848649,
    "success_diff_95ci": [
      -0.3333333333333333,
      0.3333333333333333
    ]
  },
  "posonly_perstep_a0.1_b0.5": {
    "fisher_p": 0.42698650674662664,
    "mannwhitney_p": 0.43064798984807773,
    "success_diff_95ci": [
      -0.5333333333333333,
      0.13333333333333333
    ]
  },
  "strategy3_a0.5_b0.1": {
    "fisher_p": 1.0,
    "mannwhitney_p": 0.8034625743147712,
    "success_diff_95ci": [
      -0.39999999999999997,
      0.3333333333333333
    ]
  },
  "strategy5_a0.5_b0.1": {
    "fisher_p": 1.0,
    "mannwhitney_p": 0.5614474146848649,
    "success_diff_95ci": [
      -0.33499999999999996,
      0.33333333333333337
    ]
  },
  "posonly_global_a0.5_b0.1": {
    "fisher_p": 0.6998500749625187,
    "mannwhitney_p": 0.7400217511938185,
    "success_diff_95ci": [
      -0.4666666666666667,
      0.2
    ]
  },
  "posonly_perstep_a0.5_b0.1": {
    "fisher_p": 0.4660922247854402,
    "mannwhitney_p": 0.4067868333984651,
    "success_diff_95ci": [
      -0.19999999999999996,
      0.5333333333333334
    ]
  },
  "strategy3_a0.5_b0.3": {
    "fisher_p": 1.0,
    "mannwhitney_p": 0.9009714934164412,
    "success_diff_95ci": [
      -0.3333333333333333,
      0.3333333333333333
    ]
  },
  "strategy5_a0.5_b0.3": {
    "fisher_p": 1.0,
    "mannwhitney_p": 0.38373262766250305,
    "success_diff_95ci": [
      -0.3333333333333333,
      0.33333333333333337
    ]
  },
  "posonly_global_a0.5_b0.3": {
    "fisher_p": 1.0,
    "mannwhitney_p": 0.8357050269952793,
    "success_diff_95ci": [
      -0.2666666666666667,
      0.39999999999999997
    ]
  },
  "posonly_perstep_a0.5_b0.3": {
    "fisher_p": 1.0,
    "mannwhitney_p": 0.9338864180775845,
    "success_diff_95ci": [
      -0.4,
      0.26666666666666666
    ]
  },
  "strategy3_a0.5_b0.5": {
    "fisher_p": 0.01685823754789272,
    "mannwhitney_p": 0.28084201086629845,
    "success_diff_95ci": [
      -0.6666666666666666,
      -0.13333333333333333
    ]
  },
  "strategy5_a0.5_b0.5": {
    "fisher_p": 0.42698650674662664,
    "mannwhitney_p": 0.15846460599820356,
    "success_diff_95ci": [
      -0.5333333333333333,
      0.1333333333333333
    ]
  },
  "posonly_global_a0.5_b0.5": {
    "fisher_p": 1.0,
    "mannwhitney_p": 1.0,
    "success_diff_95ci": [
      -0.26666666666666666,
      0.4
    ]
  },
  "posonly_perstep_a0.5_b0.5": {
    "fisher_p": 0.42698650674662664,
    "mannwhitney_p": 0.8357050269952793,
    "success_diff_95ci": [
      -0.5333333333333333,
      0.13333333333333333
    ]
  },
  "strategy3_a1.0_b0.1": {
    "fisher_p": 0.42698650674662664,
    "mannwhitney_p": 0.9338864180775845,
    "success_diff_95ci": [
      -0.5333333333333333,
      0.1333333333333333
    ]
  },
  "strategy5_a1.0_b0.1": {
    "fisher_p": 1.0,
    "mannwhitney_p": 0.5614474146848649,
    "success_diff_95ci": [
      -0.3333333333333333,
      0.4
    ]
  },
  "posonly_global_a1.0_b0.1": {
    "fisher_p": 1.0,
    "mannwhitney_p": 1.0,
    "success_diff_95ci": [
      -0.4,
      0.26666666666666666
    ]
  },
  "posonly_perstep_a1.0_b0.1": {
    "fisher_p": 0.6998500749625187,
    "mannwhitney_p": 0.9009714934164412,
    "success_diff_95ci": [
      -0.4666666666666666,
      0.2
    ]
  },
  "strategy3_a1.0_b0.3": {
    "fisher_p": 1.0,
    "mannwhitney_p": 0.7715511878155722,
    "success_diff_95ci": [
      -0.3333333333333333,
      0.33333333333333337
    ]
  },
  "strategy5_a1.0_b0.3": {
    "fisher_p": 0.21475928702315508,
    "mannwhitney_p": 0.8682259903524354,
    "success_diff_95ci": [
      -0.5333333333333333,
      0.06666666666666665
    ]
  },
  "posonly_global_a1.0_b0.3": {
    "fisher_p": 1.0,
    "mannwhitney_p": 0.6186695570822622,
    "success_diff_95ci": [
      -0.26666666666666666,
      0.4
    ]
  },
  "posonly_perstep_a1.0_b0.3": {
    "fisher_p": 1.0,
    "mannwhitney_p": 0.9669147771731937,
    "success_diff_95ci": [
      -0.3333333333333333,
      0.3333333333333333
    ]
  },
  "strategy3_a1.0_b0.5": {
    "fisher_p": 0.01685823754789272,
    "mannwhitney_p": 0.08149464839345506,
    "success_diff_95ci": [
      -0.6666666666666666,
      -0.13333333333333333
    ]
  },
  "strategy5_a1.0_b0.5": {
    "fisher_p": 0.08007662835249044,
    "mannwhitney_p": 0.10573920209087935,
    "success_diff_95ci": [
      -0.6,
      -0.06666666666666665
    ]
  },
  "posonly_global_a1.0_b0.5": {
    "fisher_p": 1.0,
    "mannwhitney_p": 0.8682259903524354,
    "success_diff_95ci": [
      -0.4,
      0.26666666666666666
    ]
  },
  "posonly_perstep_a1.0_b0.5": {
    "fisher_p": 1.0,
    "mannwhitney_p": 0.9009714934164412,
    "success_diff_95ci": [
      -0.26666666666666666,
      0.39999999999999997
    ]
  },
  "linear_a0.5": {
    "fisher_p": 0.7152491865522348,
    "mannwhitney_p": 0.6783024655972324,
    "success_diff_95ci": [
      -0.2,
      0.46666666666666673
    ]
  },
  "linear_a1.0": {
    "fisher_p": 1.0,
    "mannwhitney_p": 0.4067868333984651,
    "success_diff_95ci": [
      -0.33333333333333326,
      0.4
    ]
  },
  "linear_a2.0": {
    "fisher_p": 1.0,
    "mannwhitney_p": 0.3400858902842717,
    "success_diff_95ci": [
      -0.26666666666666666,
      0.39999999999999997
    ]
  },
  "linear_a5.0": {
    "fisher_p": 0.6998500749625187,
    "mannwhitney_p": 1.0,
    "success_diff_95ci": [
      -0.4666666666666667,
      0.2
    ]
  },
  "random_conceptor": {
    "fisher_p": 1.0,
    "mannwhitney_p": 0.4067868333984651,
    "success_diff_95ci": [
      -0.33333333333333337,
      0.33333333333333337
    ]
  }
}