{
  "quotas": {
    "0": 6.930446554954201,
    "1": 9.426635345634725,
    "2": 11.00700809564578,
    "3": 11.804986646830539,
    "4": 12.24916456106355,
    "5": 12.504603145024669,
    "6": 12.964853452740078,
    "7": 13.358435666518865,
    "8": 14.337064991713348,
    "9": 15.863396738144312,
    "global": 13.644053518971685
  },
  "alpha": 0.1,
  "layer": 11
}