{
  "quotas": {
    "0": 29.92798032461862,
    "1": 36.84416231077675,
    "2": 38.37509576677496,
    "3": 39.80893746294959,
    "4": 41.05482266657978,
    "5": 41.15173625017471,
    "6": 40.737129800018224,
    "7": 38.648503831643666,
    "8": 37.75747549869463,
    "9": 34.149057315526456,
    "global": 52.90032396506184
  },
  "alpha": 0.5,
  "layer": 11
}