{
  "quotas": {
    "0": 63.65500886836885,
    "1": 72.89381655234052,
    "2": 74.7940265490419,
    "3": 76.70256410066968,
    "4": 78.11492641941034,
    "5": 77.1449324711524,
    "6": 75.430835761864,
    "7": 71.15075265825341,
    "8": 68.76656008989698,
    "9": 61.74381521093112,
    "global": 98.85757146812813
  },
  "alpha": 1.0,
  "layer": 11
}