{
  "strategy3_a0.1_b0.1": {
    "fisher_p": 1.0,
    "mannwhitney_p": 0.5338294217441396,
    "success_diff_95ci": [
      -0.26666666666666666,
      0.39999999999999997
    ]
  },
  "strategy5_a0.1_b0.1": {
    "fisher_p": 1.0,
    "mannwhitney_p": 0.6186695570822622,
    "success_diff_95ci": [
      -0.2666666666666667,
      0.39999999999999997
    ]
  },
  "posonly_global_a0.1_b0.1": {
    "fisher_p": 0.7103816512796233,
    "mannwhitney_p": 0.5614474146848649,
    "success_diff_95ci": [
      -0.2,
      0.4666666666666667
    ]
  },
  "posonly_perstep_a0.1_b0.1": {
    "fisher_p": 1.0,
    "mannwhitney_p": 0.7089232340537643,
    "success_diff_95ci": [
      -0.26666666666666666,
      0.4
    ]
  },
  "strategy3_a0.1_b0.3": {
    "fisher_p": 0.7103816512796233,
    "mannwhitney_p": 0.3195059648919748,
    "success_diff_95ci": [
      -0.2,
      0.4666666666666667
    ]
  },
  "strategy5_a0.1_b0.3": {
    "fisher_p": 0.1431109780507063,
    "mannwhitney_p": 0.26275304114766074,
    "success_diff_95ci": [
      0.0,
      0.6666666666666667
    ]
  },
  "posonly_global_a0.1_b0.3": {
    "fisher_p": 0.46213735237644327,
    "mannwhitney_p": 0.506914933812496,
    "success_diff_95ci": [
      -0.13333333333333336,
      0.5333333333333333
    ]
  },
  "posonly_perstep_a0.1_b0.3": {
    "fisher_p": 1.0,
    "mannwhitney_p": 0.6783024655972324,
    "success_diff_95ci": [
      -0.26666666666666666,
      0.4
    ]
  },
  "strategy3_a0.1_b0.5": {
    "fisher_p": 1.0,
    "mannwhitney_p": 0.7400217511938185,
    "success_diff_95ci": [
      -0.33333333333333337,
      0.3333333333333333
    ]
  },
  "strategy5_a0.1_b0.5": {
    "fisher_p": 0.6816591704147925,
    "mannwhitney_p": 0.8357050269952793,
    "success_diff_95ci": [
      -0.4,
      0.2
    ]
  },
  "posonly_global_a0.1_b0.5": {
    "fisher_p": 1.0,
    "mannwhitney_p": 0.4067868333984651,
    "success_diff_95ci": [
      -0.33333333333333337,
      0.3333333333333333
    ]
  },
  "posonly_perstep_a0.1_b0.5": {
    "fisher_p": 0.6816591704147925,
    "mannwhitney_p": 0.3614963660708982,
    "success_diff_95ci": [
      -0.4666666666666667,
      0.13333333333333336
    ]
  },
  "strategy3_a0.5_b0.1": {
    "fisher_p": 1.0,
    "mannwhitney_p": 0.8357050269952793,
    "success_diff_95ci": [
      -0.26666666666666666,
      0.39999999999999997
    ]
  },
  "strategy5_a0.5_b0.1": {
    "fisher_p": 0.7103816512796233,
    "mannwhitney_p": 0.8357050269952793,
    "success_diff_95ci": [
      -0.2,
      0.4666666666666667
    ]
  },
  "posonly_global_a0.5_b0.1": {
    "fisher_p": 1.0,
    "mannwhitney_p": 0.7089232340537643,
    "success_diff_95ci": [
      -0.33333333333333337,
      0.33333333333333337
    ]
  },
  "posonly_perstep_a0.5_b0.1": {
    "fisher_p": 0.46213735237644327,
    "mannwhitney_p": 0.6783024655972324,
    "success_diff_95ci": [
      -0.13499999999999993,
      0.5333333333333333
    ]
  },
  "strategy3_a0.5_b0.3": {
    "fisher_p": 1.0,
    "mannwhitney_p": 0.9669147771731937,
    "success_diff_95ci": [
      -0.4,
      0.26666666666666666
    ]
  },
  "strategy5_a0.5_b0.3": {
    "fisher_p": 1.0,
    "mannwhitney_p": 0.6783024655972324,
    "success_diff_95ci": [
      -0.33333333333333337,
      0.26666666666666666
    ]
  },
  "posonly_global_a0.5_b0.3": {
    "fisher_p": 0.7103816512796233,
    "mannwhitney_p": 0.2997583700887151,
    "success_diff_95ci": [
      -0.2,
      0.4666666666666666
    ]
  },
  "posonly_perstep_a0.5_b0.3": {
    "fisher_p": 1.0,
    "mannwhitney_p": 0.7715511878155722,
    "success_diff_95ci": [
      -0.26666666666666666,
      0.4
    ]
  },
  "strategy3_a0.5_b0.5": {
    "fisher_p": 1.0,
    "mannwhitney_p": 0.1985058531538877,
    "success_diff_95ci": [
      -0.4,
      0.26666666666666666
    ]
  },
  "strategy5_a0.5_b0.5": {
    "fisher_p": 1.0,
    "mannwhitney_p": 0.042110616791807005,
    "success_diff_95ci": [
      -0.4,
      0.26666666666666666
    ]
  },
  "posonly_global_a0.5_b0.5": {
    "fisher_p": 1.0,
    "mannwhitney_p": 0.5338294217441396,
    "success_diff_95ci": [
      -0.26666666666666666,
      0.4
    ]
  },
  "posonly_perstep_a0.5_b0.5": {
    "fisher_p": 0.7103816512796233,
    "mannwhitney_p": 0.4553018964198552,
    "success_diff_95ci": [
      -0.2,
      0.4666666666666667
    ]
  },
  "strategy3_a1.0_b0.1": {
    "fisher_p": 1.0,
    "mannwhitney_p": 0.5338294217441396,
    "success_diff_95ci": [
      -0.3333333333333333,
      0.39999999999999997
    ]
  },
  "strategy5_a1.0_b0.1": {
    "fisher_p": 1.0,
    "mannwhitney_p": 0.6186695570822622,
    "success_diff_95ci": [
      -0.26666666666666666,
      0.39999999999999997
    ]
  },
  "posonly_global_a1.0_b0.1": {
    "fisher_p": 1.0,
    "mannwhitney_p": 0.9009714934164412,
    "success_diff_95ci": [
      -0.3333333333333333,
      0.3333333333333333
    ]
  },
  "posonly_perstep_a1.0_b0.1": {
    "fisher_p": 0.7103816512796233,
    "mannwhitney_p": 0.2997583700887151,
    "success_diff_95ci": [
      -0.2,
      0.4666666666666666
    ]
  },
  "strategy3_a1.0_b0.3": {
    "fisher_p": 1.0,
    "mannwhitney_p": 0.8034625743147712,
    "success_diff_95ci": [
      -0.3333333333333333,
      0.3333333333333333
    ]
  },
  "strategy5_a1.0_b0.3": {
    "fisher_p": 0.7103816512796233,
    "mannwhitney_p": 0.8034625743147712,
    "success_diff_95ci": [
      -0.2666666666666666,
      0.4666666666666667
    ]
  },
  "posonly_global_a1.0_b0.3": {
    "fisher_p": 1.0,
    "mannwhitney_p": 0.506914933812496,
    "success_diff_95ci": [
      -0.3333333333333333,
      0.3333333333333333
    ]
  },
  "posonly_perstep_a1.0_b0.3": {
    "fisher_p": 1.0,
    "mannwhitney_p": 0.7089232340537643,
    "success_diff_95ci": [
      -0.33333333333333337,
      0.3333333333333333
    ]
  },
  "strategy3_a1.0_b0.5": {
    "fisher_p": 0.6816591704147925,
    "mannwhitney_p": 0.2997583700887151,
    "success_diff_95ci": [
      -0.4,
      0.19999999999999998
    ]
  },
  "strategy5_a1.0_b0.5": {
    "fisher_p": 0.6816591704147925,
    "mannwhitney_p": 0.17106923105635186,
    "success_diff_95ci": [
      -0.4016666666666666,
      0.13333333333333336
    ]
  },
  "posonly_global_a1.0_b0.5": {
    "fisher_p": 0.7103816512796233,
    "mannwhitney_p": 0.6186695570822622,
    "success_diff_95ci": [
      -0.2,
      0.4666666666666666
    ]
  },
  "posonly_perstep_a1.0_b0.5": {
    "fisher_p": 0.7103816512796233,
    "mannwhitney_p": 0.4067868333984651,
    "success_diff_95ci": [
      -0.2,
      0.4666666666666667
    ]
  },
  "linear_a0.5": {
    "fisher_p": 1.0,
    "mannwhitney_p": 0.3195059648919748,
    "success_diff_95ci": [
      -0.26666666666666666,
      0.4
    ]
  },
  "linear_a1.0": {
    "fisher_p": 0.7103816512796233,
    "mannwhitney_p": 0.5338294217441396,
    "success_diff_95ci": [
      -0.2,
      0.4666666666666667
    ]
  },
  "linear_a2.0": {
    "fisher_p": 0.46213735237644327,
    "mannwhitney_p": 0.12486035998214667,
    "success_diff_95ci": [
      -0.13333333333333336,
      0.5333333333333334
    ]
  },
  "linear_a5.0": {
    "fisher_p": 1.0,
    "mannwhitney_p": 0.8682259903524354,
    "success_diff_95ci": [
      -0.4,
      0.26666666666666666
    ]
  },
  "random_conceptor": {
    "fisher_p": 1.0,
    "mannwhitney_p": 0.8357050269952793,
    "success_diff_95ci": [
      -0.33333333333333337,
      0.3333333333333333
    ]
  }
}