{
  "quotas": {
    "0": 5.858188012804851,
    "1": 6.338498419356005,
    "2": 6.988653973855806,
    "3": 7.766348305574105,
    "4": 8.341539605996452,
    "5": 8.775481665869519,
    "6": 9.507694240684522,
    "7": 10.119397760268082,
    "8": 11.272520949678231,
    "9": 13.182069821512586,
    "global": 9.422177931988367
  },
  "alpha": 0.1,
  "layer": 11
}