{
  "quotas": {
    "0": 25.850351818769468,
    "1": 28.879023338972623,
    "2": 29.168409601388,
    "3": 29.42731518241184,
    "4": 29.672725800682407,
    "5": 28.9246968483099,
    "6": 28.21380273813528,
    "7": 26.392214731403655,
    "8": 25.707789302080208,
    "9": 23.258396683663303,
    "global": 39.00575779720956
  },
  "alpha": 0.5,
  "layer": 11
}