{
  "quotas": {
    "0": 57.282450487283995,
    "1": 61.810996233716864,
    "2": 60.474444776656426,
    "3": 60.09362905413778,
    "4": 59.3958177505612,
    "5": 57.093887930910626,
    "6": 54.699975947574316,
    "7": 50.652079955545005,
    "8": 48.41263431306185,
    "9": 42.989647574586755,
    "global": 77.18537713570774
  },
  "alpha": 1.0,
  "layer": 11
}