{
  "strategy3_a0.1_b0.1": {
    "fisher_p": 1.0,
    "mannwhitney_p": 5.737063008488556e-05,
    "success_diff_95ci": [
      0.0,
      0.19999999999999996
    ]
  },
  "strategy5_a0.1_b0.1": {
    "fisher_p": 1.0,
    "mannwhitney_p": 0.48073111045562256,
    "success_diff_95ci": [
      -0.19999999999999996,
      0.19999999999999996
    ]
  },
  "posonly_global_a0.1_b0.1": {
    "fisher_p": 1.0,
    "mannwhitney_p": 0.5338294217441396,
    "success_diff_95ci": [
      -0.2666666666666667,
      0.1333333333333333
    ]
  },
  "posonly_perstep_a0.1_b0.1": {
    "fisher_p": 0.32950191570881227,
    "mannwhitney_p": 0.7400217511938185,
    "success_diff_95ci": [
      -0.4666666666666667,
      0.06666666666666665
    ]
  },
  "strategy3_a0.1_b0.3": {
    "fisher_p": 0.32950191570881227,
    "mannwhitney_p": 0.9669147771731937,
    "success_diff_95ci": [
      -0.4666666666666667,
      0.06666666666666665
    ]
  },
  "strategy5_a0.1_b0.3": {
    "fisher_p": 1.0,
    "mannwhitney_p": 0.9009714934164412,
    "success_diff_95ci": [
      -0.2683333333333333,
      0.1333333333333333
    ]
  },
  "posonly_global_a0.1_b0.3": {
    "fisher_p": 0.32950191570881227,
    "mannwhitney_p": 0.2997583700887151,
    "success_diff_95ci": [
      -0.4666666666666667,
      0.06666666666666665
    ]
  },
  "posonly_perstep_a0.1_b0.3": {
    "fisher_p": 0.08007662835249042,
    "mannwhitney_p": 0.3400858902842717,
    "success_diff_95ci": [
      -0.6,
      -0.06666666666666665
    ]
  },
  "strategy3_a0.1_b0.5": {
    "fisher_p": 0.001699150424787606,
    "mannwhitney_p": 0.0003078634611799441,
    "success_diff_95ci": [
      -0.8666666666666667,
      -0.33333333333333337
    ]
  },
  "strategy5_a0.1_b0.5": {
    "fisher_p": 0.005197401299350325,
    "mannwhitney_p": 0.006189824426537995,
    "success_diff_95ci": [
      -0.8,
      -0.2666666666666667
    ]
  },
  "posonly_global_a0.1_b0.5": {
    "fisher_p": 0.16858237547892718,
    "mannwhitney_p": 0.28084201086629845,
    "success_diff_95ci": [
      -0.5333333333333333,
      0.0
    ]
  },
  "posonly_perstep_a0.1_b0.5": {
    "fisher_p": 0.32950191570881227,
    "mannwhitney_p": 0.15846460599820356,
    "success_diff_95ci": [
      -0.4666666666666667,
      0.06666666666666665
    ]
  },
  "strategy3_a0.5_b0.1": {
    "fisher_p": 1.0,
    "mannwhitney_p": 0.3400858902842717,
    "success_diff_95ci": [
      -0.19999999999999996,
      0.19999999999999996
    ]
  },
  "strategy5_a0.5_b0.1": {
    "fisher_p": 1.0,
    "mannwhitney_p": 0.8034625743147712,
    "success_diff_95ci": [
      -0.19999999999999996,
      0.19999999999999996
    ]
  },
  "posonly_global_a0.5_b0.1": {
    "fisher_p": 0.5977011494252873,
    "mannwhitney_p": 0.8034625743147712,
    "success_diff_95ci": [
      -0.4,
      0.1333333333333333
    ]
  },
  "posonly_perstep_a0.5_b0.1": {
    "fisher_p": 0.5977011494252873,
    "mannwhitney_p": 0.9009714934164412,
    "success_diff_95ci": [
      -0.4,
      0.1333333333333333
    ]
  },
  "strategy3_a0.5_b0.3": {
    "fisher_p": 0.16858237547892718,
    "mannwhitney_p": 0.17106923105635186,
    "success_diff_95ci": [
      -0.5333333333333333,
      0.0
    ]
  },
  "strategy5_a0.5_b0.3": {
    "fisher_p": 0.32950191570881227,
    "mannwhitney_p": 0.6186695570822622,
    "success_diff_95ci": [
      -0.4666666666666667,
      0.06666666666666665
    ]
  },
  "posonly_global_a0.5_b0.3": {
    "fisher_p": 0.16858237547892718,
    "mannwhitney_p": 0.9009714934164412,
    "success_diff_95ci": [
      -0.5333333333333333,
      0.0
    ]
  },
  "posonly_perstep_a0.5_b0.3": {
    "fisher_p": 1.0,
    "mannwhitney_p": 0.8034625743147712,
    "success_diff_95ci": [
      -0.2666666666666667,
      0.1333333333333333
    ]
  },
  "strategy3_a0.5_b0.5": {
    "fisher_p": 0.001699150424787606,
    "mannwhitney_p": 0.0009058485425290966,
    "success_diff_95ci": [
      -0.8666666666666667,
      -0.33333333333333337
    ]
  },
  "strategy5_a0.5_b0.5": {
    "fisher_p": 2.9139197171280197e-06,
    "mannwhitney_p": 3.356755084154065e-05,
    "success_diff_95ci": [
      -1.0,
      -0.6666666666666667
    ]
  },
  "posonly_global_a0.5_b0.5": {
    "fisher_p": 1.0,
    "mannwhitney_p": 0.9009714934164412,
    "success_diff_95ci": [
      -0.2666666666666667,
      0.1333333333333333
    ]
  },
  "posonly_perstep_a0.5_b0.5": {
    "fisher_p": 0.5977011494252873,
    "mannwhitney_p": 0.8357050269952793,
    "success_diff_95ci": [
      -0.4,
      0.1333333333333333
    ]
  },
  "strategy3_a1.0_b0.1": {
    "fisher_p": 1.0,
    "mannwhitney_p": 0.28084201086629845,
    "success_diff_95ci": [
      -0.19999999999999996,
      0.19999999999999996
    ]
  },
  "strategy5_a1.0_b0.1": {
    "fisher_p": 1.0,
    "mannwhitney_p": 5.737063008488556e-05,
    "success_diff_95ci": [
      0.0,
      0.19999999999999996
    ]
  },
  "posonly_global_a1.0_b0.1": {
    "fisher_p": 1.0,
    "mannwhitney_p": 0.4067868333984651,
    "success_diff_95ci": [
      -0.19999999999999996,
      0.19999999999999996
    ]
  },
  "posonly_perstep_a1.0_b0.1": {
    "fisher_p": 1.0,
    "mannwhitney_p": 0.5338294217441396,
    "success_diff_95ci": [
      -0.19999999999999996,
      0.19999999999999996
    ]
  },
  "strategy3_a1.0_b0.3": {
    "fisher_p": 0.5977011494252873,
    "mannwhitney_p": 0.5338294217441396,
    "success_diff_95ci": [
      -0.33499999999999996,
      0.06666666666666665
    ]
  },
  "strategy5_a1.0_b0.3": {
    "fisher_p": 0.5977011494252873,
    "mannwhitney_p": 0.506914933812496,
    "success_diff_95ci": [
      -0.4,
      0.06833333333333191
    ]
  },
  "posonly_global_a1.0_b0.3": {
    "fisher_p": 1.0,
    "mannwhitney_p": 0.506914933812496,
    "success_diff_95ci": [
      -0.2666666666666667,
      0.1333333333333333
    ]
  },
  "posonly_perstep_a1.0_b0.3": {
    "fisher_p": 0.32950191570881227,
    "mannwhitney_p": 0.9338864180775845,
    "success_diff_95ci": [
      -0.4666666666666667,
      0.06666666666666665
    ]
  },
  "strategy3_a1.0_b0.5": {
    "fisher_p": 0.001699150424787606,
    "mannwhitney_p": 0.0014040790204992788,
    "success_diff_95ci": [
      -0.8666666666666667,
      -0.33333333333333337
    ]
  },
  "strategy5_a1.0_b0.5": {
    "fisher_p": 0.0004839685420447671,
    "mannwhitney_p": 0.0004936885181146133,
    "success_diff_95ci": [
      -0.9333333333333333,
      -0.4
    ]
  },
  "posonly_global_a1.0_b0.5": {
    "fisher_p": 1.0,
    "mannwhitney_p": 0.9009714934164412,
    "success_diff_95ci": [
      -0.2666666666666667,
      0.1333333333333333
    ]
  },
  "posonly_perstep_a1.0_b0.5": {
    "fisher_p": 1.0,
    "mannwhitney_p": 0.6482039260122094,
    "success_diff_95ci": [
      -0.19999999999999996,
      0.19999999999999996
    ]
  },
  "linear_a0.5": {
    "fisher_p": 1.0,
    "mannwhitney_p": 0.8682259903524354,
    "success_diff_95ci": [
      -0.19999999999999996,
      0.19999999999999996
    ]
  },
  "linear_a1.0": {
    "fisher_p": 1.0,
    "mannwhitney_p": 0.8034625743147712,
    "success_diff_95ci": [
      -0.19999999999999996,
      0.19999999999999996
    ]
  },
  "linear_a2.0": {
    "fisher_p": 1.0,
    "mannwhitney_p": 0.8682259903524354,
    "success_diff_95ci": [
      -0.2666666666666667,
      0.1333333333333333
    ]
  },
  "linear_a5.0": {
    "fisher_p": 0.5977011494252873,
    "mannwhitney_p": 0.6783024655972324,
    "success_diff_95ci": [
      -0.4,
      0.1333333333333333
    ]
  },
  "random_conceptor": {
    "fisher_p": 0.5977011494252873,
    "mannwhitney_p": 0.17106923105635186,
    "success_diff_95ci": [
      -0.4,
      0.1333333333333333
    ]
  }
}