{
  "quotas": {
    "0": 24.113591161799356,
    "1": 25.711110444248206,
    "2": 26.14725387620156,
    "3": 26.41590383017398,
    "4": 26.785851217753315,
    "5": 26.671048515017908,
    "6": 27.111257440590315,
    "7": 26.651052075977454,
    "8": 27.06130638465617,
    "9": 25.02625292179734,
    "global": 37.727199548973275
  },
  "alpha": 0.5,
  "layer": 11
}