{
  "quotas": {
    "0": 54.060699575754825,
    "1": 57.499382839648156,
    "2": 56.230258713871734,
    "3": 55.59316797775428,
    "4": 55.2697975133592,
    "5": 54.26877254447048,
    "6": 54.2217588143463,
    "7": 52.74766872162735,
    "8": 52.46452132887001,
    "9": 47.61391136647516,
    "global": 76.10096286978938
  },
  "alpha": 1.0,
  "layer": 11
}