{
  "quotas": {
    "0": 5.875337720233999,
    "1": 6.19908494411028,
    "2": 6.599622804543588,
    "3": 7.058449074692447,
    "4": 7.483765630014869,
    "5": 8.073257761601072,
    "6": 9.035811313954394,
    "7": 10.094732456911013,
    "8": 11.579612729787284,
    "9": 13.646614767652395,
    "global": 9.313470056763164
  },
  "alpha": 0.1,
  "layer": 11
}