{
  "strategy3_a0.1_b0.1": {
    "fisher_p": 0.5977011494252873,
    "mannwhitney_p": 0.7715511878155722,
    "success_diff_95ci": [
      -0.4,
      0.06666666666666676
    ]
  },
  "strategy5_a0.1_b0.1": {
    "fisher_p": 0.5977011494252873,
    "mannwhitney_p": 0.8682259903524354,
    "success_diff_95ci": [
      -0.33333333333333337,
      0.06666666666666676
    ]
  },
  "posonly_global_a0.1_b0.1": {
    "fisher_p": 1.0,
    "mannwhitney_p": 0.21337370709311831,
    "success_diff_95ci": [
      -0.19999999999999996,
      0.13333333333333341
    ]
  },
  "posonly_perstep_a0.1_b0.1": {
    "fisher_p": 1.0,
    "mannwhitney_p": 0.6783024655972324,
    "success_diff_95ci": [
      -0.2666666666666667,
      0.1333333333333333
    ]
  },
  "strategy3_a0.1_b0.3": {
    "fisher_p": 0.0004839685420447671,
    "mannwhitney_p": 0.005452139856940547,
    "success_diff_95ci": [
      -0.8666666666666667,
      -0.3983333333333348
    ]
  },
  "strategy5_a0.1_b0.3": {
    "fisher_p": 0.0004839685420447671,
    "mannwhitney_p": 0.001619713575230349,
    "success_diff_95ci": [
      -0.8666666666666667,
      -0.4
    ]
  },
  "posonly_global_a0.1_b0.3": {
    "fisher_p": 1.0,
    "mannwhitney_p": 5.737063008488556e-05,
    "success_diff_95ci": [
      0.0,
      0.19999999999999996
    ]
  },
  "posonly_perstep_a0.1_b0.3": {
    "fisher_p": 0.5977011494252873,
    "mannwhitney_p": 0.48073111045562256,
    "success_diff_95ci": [
      -0.4,
      0.06666666666666665
    ]
  },
  "strategy3_a0.1_b0.5": {
    "fisher_p": 2.062952012126032e-07,
    "mannwhitney_p": 4.143220097537536e-06,
    "success_diff_95ci": [
      -1.0,
      -0.8
    ]
  },
  "strategy5_a0.1_b0.5": {
    "fisher_p": 2.062952012126032e-07,
    "mannwhitney_p": 5.052703540469845e-06,
    "success_diff_95ci": [
      -1.0,
      -0.8
    ]
  },
  "posonly_global_a0.1_b0.5": {
    "fisher_p": 0.0351824087956022,
    "mannwhitney_p": 0.03808828420629213,
    "success_diff_95ci": [
      -0.6666666666666667,
      -0.1333333333333333
    ]
  },
  "posonly_perstep_a0.1_b0.5": {
    "fisher_p": 0.0351824087956022,
    "mannwhitney_p": 0.005452139856940547,
    "success_diff_95ci": [
      -0.6666666666666667,
      -0.1333333333333333
    ]
  },
  "strategy3_a0.5_b0.1": {
    "fisher_p": 0.16858237547892718,
    "mannwhitney_p": 0.6482039260122094,
    "success_diff_95ci": [
      -0.5333333333333333,
      0.0
    ]
  },
  "strategy5_a0.5_b0.1": {
    "fisher_p": 0.32950191570881227,
    "mannwhitney_p": 0.6482039260122094,
    "success_diff_95ci": [
      -0.4666666666666667,
      0.06666666666666665
    ]
  },
  "posonly_global_a0.5_b0.1": {
    "fisher_p": 1.0,
    "mannwhitney_p": 0.6186695570822622,
    "success_diff_95ci": [
      -0.19999999999999996,
      0.19999999999999996
    ]
  },
  "posonly_perstep_a0.5_b0.1": {
    "fisher_p": 1.0,
    "mannwhitney_p": 5.737063008488556e-05,
    "success_diff_95ci": [
      0.0,
      0.19999999999999996
    ]
  },
  "strategy3_a0.5_b0.3": {
    "fisher_p": 0.001699150424787606,
    "mannwhitney_p": 0.0018654646290708888,
    "success_diff_95ci": [
      -0.8666666666666667,
      -0.33333333333333337
    ]
  },
  "strategy5_a0.5_b0.3": {
    "fisher_p": 0.005197401299350325,
    "mannwhitney_p": 0.0003609347195741741,
    "success_diff_95ci": [
      -0.8,
      -0.2666666666666666
    ]
  },
  "posonly_global_a0.5_b0.3": {
    "fisher_p": 1.0,
    "mannwhitney_p": 0.506914933812496,
    "success_diff_95ci": [
      -0.19999999999999996,
      0.13333333333333341
    ]
  },
  "posonly_perstep_a0.5_b0.3": {
    "fisher_p": 1.0,
    "mannwhitney_p": 0.4553018964198552,
    "success_diff_95ci": [
      -0.19999999999999996,
      0.19999999999999996
    ]
  },
  "strategy3_a0.5_b0.5": {
    "fisher_p": 2.062952012126032e-07,
    "mannwhitney_p": 4.143220097537536e-06,
    "success_diff_95ci": [
      -1.0,
      -0.8
    ]
  },
  "strategy5_a0.5_b0.5": {
    "fisher_p": 2.062952012126032e-07,
    "mannwhitney_p": 5.052703540469845e-06,
    "success_diff_95ci": [
      -1.0,
      -0.8
    ]
  },
  "posonly_global_a0.5_b0.5": {
    "fisher_p": 1.0,
    "mannwhitney_p": 5.737063008488556e-05,
    "success_diff_95ci": [
      0.0,
      0.19999999999999996
    ]
  },
  "posonly_perstep_a0.5_b0.5": {
    "fisher_p": 1.0,
    "mannwhitney_p": 0.7715511878155722,
    "success_diff_95ci": [
      -0.19999999999999996,
      0.13499999999999857
    ]
  },
  "strategy3_a1.0_b0.1": {
    "fisher_p": 0.16858237547892718,
    "mannwhitney_p": 0.1985058531538877,
    "success_diff_95ci": [
      -0.5333333333333333,
      0.0
    ]
  },
  "strategy5_a1.0_b0.1": {
    "fisher_p": 1.0,
    "mannwhitney_p": 0.5897385933186072,
    "success_diff_95ci": [
      -0.2666666666666667,
      0.1333333333333333
    ]
  },
  "posonly_global_a1.0_b0.1": {
    "fisher_p": 1.0,
    "mannwhitney_p": 5.737063008488556e-05,
    "success_diff_95ci": [
      0.0,
      0.19999999999999996
    ]
  },
  "posonly_perstep_a1.0_b0.1": {
    "fisher_p": 1.0,
    "mannwhitney_p": 5.737063008488556e-05,
    "success_diff_95ci": [
      0.0,
      0.19999999999999996
    ]
  },
  "strategy3_a1.0_b0.3": {
    "fisher_p": 0.0004839685420447671,
    "mannwhitney_p": 0.0024626042007544527,
    "success_diff_95ci": [
      -0.8666666666666667,
      -0.4
    ]
  },
  "strategy5_a1.0_b0.3": {
    "fisher_p": 0.00011573160788027037,
    "mannwhitney_p": 0.0009058485425290966,
    "success_diff_95ci": [
      -0.9333333333333333,
      -0.46666666666666673
    ]
  },
  "posonly_global_a1.0_b0.3": {
    "fisher_p": 1.0,
    "mannwhitney_p": 0.8357050269952793,
    "success_diff_95ci": [
      -0.2666666666666667,
      0.1333333333333333
    ]
  },
  "posonly_perstep_a1.0_b0.3": {
    "fisher_p": 1.0,
    "mannwhitney_p": 5.737063008488556e-05,
    "success_diff_95ci": [
      0.0,
      0.19999999999999996
    ]
  },
  "strategy3_a1.0_b0.5": {
    "fisher_p": 2.062952012126032e-07,
    "mannwhitney_p": 4.143220097537536e-06,
    "success_diff_95ci": [
      -1.0,
      -0.8
    ]
  },
  "strategy5_a1.0_b0.5": {
    "fisher_p": 2.062952012126032e-07,
    "mannwhitney_p": 5.052703540469845e-06,
    "success_diff_95ci": [
      -1.0,
      -0.8
    ]
  },
  "posonly_global_a1.0_b0.5": {
    "fisher_p": 1.0,
    "mannwhitney_p": 0.8682259903524354,
    "success_diff_95ci": [
      -0.19999999999999996,
      0.19999999999999996
    ]
  },
  "posonly_perstep_a1.0_b0.5": {
    "fisher_p": 1.0,
    "mannwhitney_p": 0.7089232340537643,
    "success_diff_95ci": [
      -0.19999999999999996,
      0.19999999999999996
    ]
  },
  "linear_a0.5": {
    "fisher_p": 1.0,
    "mannwhitney_p": 5.737063008488556e-05,
    "success_diff_95ci": [
      0.0,
      0.19999999999999996
    ]
  },
  "linear_a1.0": {
    "fisher_p": 1.0,
    "mannwhitney_p": 5.737063008488556e-05,
    "success_diff_95ci": [
      0.0,
      0.19999999999999996
    ]
  },
  "linear_a2.0": {
    "fisher_p": 1.0,
    "mannwhitney_p": 5.737063008488556e-05,
    "success_diff_95ci": [
      0.0,
      0.19999999999999996
    ]
  },
  "linear_a5.0": {
    "fisher_p": 0.0351824087956022,
    "mannwhitney_p": 0.03808828420629213,
    "success_diff_95ci": [
      -0.6666666666666667,
      -0.1333333333333333
    ]
  },
  "random_conceptor": {
    "fisher_p": 2.062952012126032e-07,
    "mannwhitney_p": 5.052703540469845e-06,
    "success_diff_95ci": [
      -1.0,
      -0.8
    ]
  }
}