{
  "quotas": {
    "0": 8.697200736149057,
    "1": 9.108189883427066,
    "2": 9.646551659446898,
    "3": 10.408036698793328,
    "4": 11.127347572624014,
    "5": 11.516858959738855,
    "6": 12.212686472847405,
    "7": 12.653078862764922,
    "8": 13.759353896969966,
    "9": 15.584817607882929,
    "global": 12.38822083783003
  },
  "alpha": 0.1,
  "layer": 11
}