{
  "quotas": {
    "0": 92.50847711730242,
    "1": 97.82039507214878,
    "2": 97.068904939421,
    "3": 97.21893208671597,
    "4": 97.36343560822446,
    "5": 93.65071200965305,
    "6": 89.31650991867501,
    "7": 81.705455188992,
    "8": 77.71567177772346,
    "9": 69.68995773055944,
    "global": 113.0247761855372
  },
  "alpha": 1.0,
  "layer": 11
}