{
  "quotas": {
    "0": 43.64038857477838,
    "1": 46.55326710207258,
    "2": 47.02764625891635,
    "3": 47.76626196605145,
    "4": 48.57130013676826,
    "5": 47.08164517975511,
    "6": 45.48607795809855,
    "7": 41.91045954983604,
    "8": 40.48205210883192,
    "9": 36.86664592170631,
    "global": 57.53244068537951
  },
  "alpha": 0.5,
  "layer": 11
}