{
  "quotas": {
    "0": 9.115840593446787,
    "1": 9.454673437796345,
    "2": 9.823124488454482,
    "3": 10.444442030601106,
    "4": 11.175904401532375,
    "5": 11.691122260004692,
    "6": 12.511897450980173,
    "7": 13.05113497643152,
    "8": 14.17162652225469,
    "9": 15.989579367051334,
    "global": 12.8036935957745
  },
  "alpha": 0.1,
  "layer": 11
}