{
  "quotas": {
    "0": 39.00676411887528,
    "1": 40.722144037582765,
    "2": 40.514975920486656,
    "3": 41.08151038034759,
    "4": 42.177395768726925,
    "5": 41.93608552953927,
    "6": 41.580972542229276,
    "7": 39.48780333641142,
    "8": 38.71513462142626,
    "9": 35.76439330445041,
    "global": 54.64112991003621
  },
  "alpha": 0.5,
  "layer": 11
}