{
  "quotas": {
    "0": 76.70333134009692,
    "1": 78.6479686443426,
    "2": 76.39690329652976,
    "3": 76.3269988903202,
    "4": 77.08216358028992,
    "5": 75.92772648562519,
    "6": 74.23431824912637,
    "7": 70.15211960663194,
    "8": 68.1450124953645,
    "9": 62.88230525440112,
    "global": 101.17709388153855
  },
  "alpha": 1.0,
  "layer": 11
}