{
  "strategy3_a0.1_b0.1": {
    "fisher_p": 1.0,
    "mannwhitney_p": 0.9009714934164412,
    "success_diff_95ci": [
      -0.33333333333333337,
      0.2
    ]
  },
  "strategy5_a0.1_b0.1": {
    "fisher_p": 0.24507746126936533,
    "mannwhitney_p": 0.3195059648919748,
    "success_diff_95ci": [
      -0.06666666666666665,
      0.6
    ]
  },
  "posonly_global_a0.1_b0.1": {
    "fisher_p": 0.5977011494252875,
    "mannwhitney_p": 0.6186695570822622,
    "success_diff_95ci": [
      -0.4,
      0.13333333333333333
    ]
  },
  "posonly_perstep_a0.1_b0.1": {
    "fisher_p": 0.5977011494252875,
    "mannwhitney_p": 0.5338294217441396,
    "success_diff_95ci": [
      -0.4,
      0.06833333333333183
    ]
  },
  "strategy3_a0.1_b0.3": {
    "fisher_p": 1.0,
    "mannwhitney_p": 0.506914933812496,
    "success_diff_95ci": [
      -0.2,
      0.4
    ]
  },
  "strategy5_a0.1_b0.3": {
    "fisher_p": 1.0,
    "mannwhitney_p": 0.3614963660708982,
    "success_diff_95ci": [
      -0.2,
      0.4
    ]
  },
  "posonly_global_a0.1_b0.3": {
    "fisher_p": 0.6816591704147925,
    "mannwhitney_p": 0.28084201086629845,
    "success_diff_95ci": [
      -0.13499999999999993,
      0.4666666666666666
    ]
  },
  "posonly_perstep_a0.1_b0.3": {
    "fisher_p": 0.5977011494252875,
    "mannwhitney_p": 0.6482039260122094,
    "success_diff_95ci": [
      -0.4,
      0.06666666666666668
    ]
  },
  "strategy3_a0.1_b0.5": {
    "fisher_p": 0.5977011494252875,
    "mannwhitney_p": 0.7089232340537643,
    "success_diff_95ci": [
      -0.4,
      0.06666666666666668
    ]
  },
  "strategy5_a0.1_b0.5": {
    "fisher_p": 0.5977011494252875,
    "mannwhitney_p": 0.9338864180775845,
    "success_diff_95ci": [
      -0.4,
      0.06833333333333183
    ]
  },
  "posonly_global_a0.1_b0.5": {
    "fisher_p": 1.0,
    "mannwhitney_p": 0.7089232340537643,
    "success_diff_95ci": [
      -0.33333333333333337,
      0.2
    ]
  },
  "posonly_perstep_a0.1_b0.5": {
    "fisher_p": 1.0,
    "mannwhitney_p": 0.10573920209087935,
    "success_diff_95ci": [
      -0.26666666666666666,
      0.33333333333333337
    ]
  },
  "strategy3_a0.5_b0.1": {
    "fisher_p": 1.0,
    "mannwhitney_p": 0.2997583700887151,
    "success_diff_95ci": [
      -0.2,
      0.33333333333333337
    ]
  },
  "strategy5_a0.5_b0.1": {
    "fisher_p": 1.0,
    "mannwhitney_p": 0.9009714934164412,
    "success_diff_95ci": [
      -0.2666666666666667,
      0.2666666666666667
    ]
  },
  "posonly_global_a0.5_b0.1": {
    "fisher_p": 1.0,
    "mannwhitney_p": 0.6783024655972324,
    "success_diff_95ci": [
      -0.33333333333333337,
      0.19999999999999998
    ]
  },
  "posonly_perstep_a0.5_b0.1": {
    "fisher_p": 1.0,
    "mannwhitney_p": 1.0,
    "success_diff_95ci": [
      -0.33333333333333337,
      0.2
    ]
  },
  "strategy3_a0.5_b0.3": {
    "fisher_p": 1.0,
    "mannwhitney_p": 0.3195059648919748,
    "success_diff_95ci": [
      -0.33333333333333337,
      0.2
    ]
  },
  "strategy5_a0.5_b0.3": {
    "fisher_p": 1.0,
    "mannwhitney_p": 0.1985058531538877,
    "success_diff_95ci": [
      -0.2,
      0.33333333333333337
    ]
  },
  "posonly_global_a0.5_b0.3": {
    "fisher_p": 1.0,
    "mannwhitney_p": 0.6186695570822622,
    "success_diff_95ci": [
      -0.2,
      0.4
    ]
  },
  "posonly_perstep_a0.5_b0.3": {
    "fisher_p": 1.0,
    "mannwhitney_p": 0.48073111045562256,
    "success_diff_95ci": [
      -0.33333333333333337,
      0.2
    ]
  },
  "strategy3_a0.5_b0.5": {
    "fisher_p": 1.0,
    "mannwhitney_p": 0.9669147771731937,
    "success_diff_95ci": [
      -0.3333333333333333,
      0.2
    ]
  },
  "strategy5_a0.5_b0.5": {
    "fisher_p": 0.22413793103448276,
    "mannwhitney_p": 0.9669147771731937,
    "success_diff_95ci": [
      -0.4,
      0.0
    ]
  },
  "posonly_global_a0.5_b0.5": {
    "fisher_p": 1.0,
    "mannwhitney_p": 0.26275304114766074,
    "success_diff_95ci": [
      -0.2666666666666667,
      0.2666666666666667
    ]
  },
  "posonly_perstep_a0.5_b0.5": {
    "fisher_p": 1.0,
    "mannwhitney_p": 0.6783024655972324,
    "success_diff_95ci": [
      -0.26666666666666666,
      0.33333333333333337
    ]
  },
  "strategy3_a1.0_b0.1": {
    "fisher_p": 1.0,
    "mannwhitney_p": 0.6482039260122094,
    "success_diff_95ci": [
      -0.2666666666666667,
      0.2666666666666667
    ]
  },
  "strategy5_a1.0_b0.1": {
    "fisher_p": 0.6816591704147925,
    "mannwhitney_p": 0.38373262766250305,
    "success_diff_95ci": [
      -0.13499999999999993,
      0.4016666666666652
    ]
  },
  "posonly_global_a1.0_b0.1": {
    "fisher_p": 1.0,
    "mannwhitney_p": 1.0,
    "success_diff_95ci": [
      -0.33333333333333337,
      0.2
    ]
  },
  "posonly_perstep_a1.0_b0.1": {
    "fisher_p": 0.24507746126936533,
    "mannwhitney_p": 0.4553018964198552,
    "success_diff_95ci": [
      -0.06666666666666665,
      0.6
    ]
  },
  "strategy3_a1.0_b0.3": {
    "fisher_p": 1.0,
    "mannwhitney_p": 0.1844100692216365,
    "success_diff_95ci": [
      -0.2,
      0.33333333333333337
    ]
  },
  "strategy5_a1.0_b0.3": {
    "fisher_p": 1.0,
    "mannwhitney_p": 0.43064798984807773,
    "success_diff_95ci": [
      -0.26666666666666666,
      0.2666666666666667
    ]
  },
  "posonly_global_a1.0_b0.3": {
    "fisher_p": 1.0,
    "mannwhitney_p": 0.9338864180775845,
    "success_diff_95ci": [
      -0.2,
      0.4
    ]
  },
  "posonly_perstep_a1.0_b0.3": {
    "fisher_p": 0.6816591704147925,
    "mannwhitney_p": 0.1985058531538877,
    "success_diff_95ci": [
      -0.19999999999999998,
      0.4666666666666667
    ]
  },
  "strategy3_a1.0_b0.5": {
    "fisher_p": 0.5977011494252875,
    "mannwhitney_p": 0.7089232340537643,
    "success_diff_95ci": [
      -0.4,
      0.13333333333333333
    ]
  },
  "strategy5_a1.0_b0.5": {
    "fisher_p": 0.5977011494252875,
    "mannwhitney_p": 0.7400217511938185,
    "success_diff_95ci": [
      -0.4,
      0.13333333333333333
    ]
  },
  "posonly_global_a1.0_b0.5": {
    "fisher_p": 0.6816591704147925,
    "mannwhitney_p": 0.5614474146848649,
    "success_diff_95ci": [
      -0.19999999999999998,
      0.4
    ]
  },
  "posonly_perstep_a1.0_b0.5": {
    "fisher_p": 1.0,
    "mannwhitney_p": 0.43064798984807773,
    "success_diff_95ci": [
      -0.2666666666666667,
      0.2666666666666667
    ]
  },
  "linear_a0.5": {
    "fisher_p": 1.0,
    "mannwhitney_p": 0.2997583700887151,
    "success_diff_95ci": [
      -0.26666666666666666,
      0.4
    ]
  },
  "linear_a1.0": {
    "fisher_p": 1.0,
    "mannwhitney_p": 0.8357050269952793,
    "success_diff_95ci": [
      -0.26666666666666666,
      0.2666666666666667
    ]
  },
  "linear_a2.0": {
    "fisher_p": 0.6816591704147925,
    "mannwhitney_p": 0.06196961991403871,
    "success_diff_95ci": [
      -0.13333333333333336,
      0.4
    ]
  },
  "linear_a5.0": {
    "fisher_p": 0.128135932033983,
    "mannwhitney_p": 0.01614027989360373,
    "success_diff_95ci": [
      0.0,
      0.6666666666666666
    ]
  },
  "random_conceptor": {
    "fisher_p": 1.0,
    "mannwhitney_p": 0.7089232340537643,
    "success_diff_95ci": [
      -0.20166666666666658,
      0.33333333333333337
    ]
  }
}