{
  "quotas": {
    "0": 52.468958790362294,
    "1": 54.99152257595979,
    "2": 52.8091894883364,
    "3": 51.64446302976097,
    "4": 50.66332330885036,
    "5": 49.028507692080154,
    "6": 47.9453411453395,
    "7": 46.430561073681105,
    "8": 47.030815501598106,
    "9": 43.976611442146876,
    "global": 73.07497236640344
  },
  "alpha": 1.0,
  "layer": 11
}