{
  "quotas": {
    "0": 6.187045287542139,
    "1": 6.497281697217,
    "2": 6.868042132153359,
    "3": 7.280738411107933,
    "4": 7.66981241303362,
    "5": 8.150917588418846,
    "6": 8.993918161372438,
    "7": 9.943020930693097,
    "8": 11.447575962365452,
    "9": 13.59231835031894,
    "global": 9.283522184897148
  },
  "alpha": 0.1,
  "layer": 11
}