{
  "quotas": {
    "0": 24.73499249771811,
    "1": 26.486421486530723,
    "2": 26.386854519524466,
    "3": 26.21436828189524,
    "4": 26.140232770965937,
    "5": 25.646657699394037,
    "6": 25.60599654590262,
    "7": 25.12457579521938,
    "8": 25.850223202404464,
    "9": 24.458403050099285,
    "global": 37.616349551629895
  },
  "alpha": 0.5,
  "layer": 11
}