{
  "strategy3_a0.1_b0.1": {
    "fisher_p": 0.08007662835249042,
    "mannwhitney_p": 0.021318887016998078,
    "success_diff_95ci": [
      0.06666666666666665,
      0.6
    ]
  },
  "strategy5_a0.1_b0.1": {
    "fisher_p": 0.08007662835249042,
    "mannwhitney_p": 0.1523865017147963,
    "success_diff_95ci": [
      0.06666666666666665,
      0.6
    ]
  },
  "posonly_global_a0.1_b0.1": {
    "fisher_p": 1.0,
    "mannwhitney_p": 0.8195259356447925,
    "success_diff_95ci": [
      -0.33333333333333337,
      0.33333333333333337
    ]
  },
  "posonly_perstep_a0.1_b0.1": {
    "fisher_p": 0.6998500749625187,
    "mannwhitney_p": 0.5202360544447003,
    "success_diff_95ci": [
      -0.20000000000000007,
      0.4666666666666667
    ]
  },
  "strategy3_a0.1_b0.3": {
    "fisher_p": 1.0,
    "mannwhitney_p": 0.5202360544447003,
    "success_diff_95ci": [
      -0.33333333333333337,
      0.33333333333333337
    ]
  },
  "strategy5_a0.1_b0.3": {
    "fisher_p": 0.7152491865522348,
    "mannwhitney_p": 0.4185655899250009,
    "success_diff_95ci": [
      -0.4666666666666666,
      0.19999999999999996
    ]
  },
  "posonly_global_a0.1_b0.3": {
    "fisher_p": 1.0,
    "mannwhitney_p": 0.8845613440989442,
    "success_diff_95ci": [
      -0.2666666666666666,
      0.4016666666666652
    ]
  },
  "posonly_perstep_a0.1_b0.3": {
    "fisher_p": 0.6998500749625187,
    "mannwhitney_p": 0.8845613440989442,
    "success_diff_95ci": [
      -0.20000000000000007,
      0.4666666666666667
    ]
  },
  "strategy3_a0.1_b0.5": {
    "fisher_p": 0.0006996501749125437,
    "mannwhitney_p": 0.0744956919139866,
    "success_diff_95ci": [
      -0.8666666666666667,
      -0.3333333333333333
    ]
  },
  "strategy5_a0.1_b0.5": {
    "fisher_p": 0.020939530234882556,
    "mannwhitney_p": 0.00843481335768374,
    "success_diff_95ci": [
      -0.7333333333333334,
      -0.19999999999999998
    ]
  },
  "posonly_global_a0.1_b0.5": {
    "fisher_p": 0.42698650674662664,
    "mannwhitney_p": 0.575468379776696,
    "success_diff_95ci": [
      -0.1333333333333333,
      0.5333333333333333
    ]
  },
  "posonly_perstep_a0.1_b0.5": {
    "fisher_p": 1.0,
    "mannwhitney_p": 0.9834519906119015,
    "success_diff_95ci": [
      -0.2666666666666667,
      0.4
    ]
  },
  "strategy3_a0.5_b0.1": {
    "fisher_p": 0.08007662835249042,
    "mannwhitney_p": 0.023771261215914354,
    "success_diff_95ci": [
      0.06666666666666665,
      0.6
    ]
  },
  "strategy5_a0.5_b0.1": {
    "fisher_p": 0.42698650674662664,
    "mannwhitney_p": 0.08515445422127957,
    "success_diff_95ci": [
      -0.13333333333333341,
      0.46666666666666673
    ]
  },
  "posonly_global_a0.5_b0.1": {
    "fisher_p": 1.0,
    "mannwhitney_p": 0.6040860725185493,
    "success_diff_95ci": [
      -0.2666666666666667,
      0.4
    ]
  },
  "posonly_perstep_a0.5_b0.1": {
    "fisher_p": 1.0,
    "mannwhitney_p": 0.9503844315376063,
    "success_diff_95ci": [
      -0.33333333333333337,
      0.33333333333333337
    ]
  },
  "strategy3_a0.5_b0.3": {
    "fisher_p": 0.4660922247854402,
    "mannwhitney_p": 0.5202360544447003,
    "success_diff_95ci": [
      -0.5333333333333334,
      0.1333333333333333
    ]
  },
  "strategy5_a0.5_b0.3": {
    "fisher_p": 1.0,
    "mannwhitney_p": 0.3296381262105611,
    "success_diff_95ci": [
      -0.33333333333333337,
      0.3333333333333333
    ]
  },
  "posonly_global_a0.5_b0.3": {
    "fisher_p": 1.0,
    "mannwhitney_p": 0.755709307865404,
    "success_diff_95ci": [
      -0.2666666666666666,
      0.4
    ]
  },
  "posonly_perstep_a0.5_b0.3": {
    "fisher_p": 1.0,
    "mannwhitney_p": 0.9503844315376063,
    "success_diff_95ci": [
      -0.4,
      0.2666666666666667
    ]
  },
  "strategy3_a0.5_b0.5": {
    "fisher_p": 0.005197401299350325,
    "mannwhitney_p": 0.010121802247772722,
    "success_diff_95ci": [
      -0.8,
      -0.26666666666666666
    ]
  },
  "strategy5_a0.5_b0.5": {
    "fisher_p": 0.005197401299350325,
    "mannwhitney_p": 0.010735733303119579,
    "success_diff_95ci": [
      -0.8,
      -0.26666666666666666
    ]
  },
  "posonly_global_a0.5_b0.5": {
    "fisher_p": 0.4660922247854402,
    "mannwhitney_p": 0.37245850431098704,
    "success_diff_95ci": [
      -0.5333333333333333,
      0.13333333333333336
    ]
  },
  "posonly_perstep_a0.5_b0.5": {
    "fisher_p": 0.2147592870231551,
    "mannwhitney_p": 0.19131309171296962,
    "success_diff_95ci": [
      0.0,
      0.5333333333333334
    ]
  },
  "strategy3_a1.0_b0.1": {
    "fisher_p": 0.08007662835249042,
    "mannwhitney_p": 0.023771261215914354,
    "success_diff_95ci": [
      0.06666666666666665,
      0.6
    ]
  },
  "strategy5_a1.0_b0.1": {
    "fisher_p": 0.08007662835249042,
    "mannwhitney_p": 0.10130368789404925,
    "success_diff_95ci": [
      0.06666666666666665,
      0.6
    ]
  },
  "posonly_global_a1.0_b0.1": {
    "fisher_p": 1.0,
    "mannwhitney_p": 0.20579182557266695,
    "success_diff_95ci": [
      -0.4,
      0.2666666666666666
    ]
  },
  "posonly_perstep_a1.0_b0.1": {
    "fisher_p": 1.0,
    "mannwhitney_p": 0.7243862381207838,
    "success_diff_95ci": [
      -0.4,
      0.2666666666666666
    ]
  },
  "strategy3_a1.0_b0.3": {
    "fisher_p": 0.7152491865522348,
    "mannwhitney_p": 0.46787129814814044,
    "success_diff_95ci": [
      -0.46666666666666673,
      0.2
    ]
  },
  "strategy5_a1.0_b0.3": {
    "fisher_p": 1.0,
    "mannwhitney_p": 0.3094743057014513,
    "success_diff_95ci": [
      -0.33333333333333337,
      0.33333333333333337
    ]
  },
  "posonly_global_a1.0_b0.3": {
    "fisher_p": 1.0,
    "mannwhitney_p": 0.6631500726976157,
    "success_diff_95ci": [
      -0.33333333333333337,
      0.3333333333333333
    ]
  },
  "posonly_perstep_a1.0_b0.3": {
    "fisher_p": 0.4660922247854402,
    "mannwhitney_p": 0.6631500726976157,
    "success_diff_95ci": [
      -0.5333333333333334,
      0.13333333333333336
    ]
  },
  "strategy3_a1.0_b0.5": {
    "fisher_p": 0.0006996501749125437,
    "mannwhitney_p": 0.01706732188205732,
    "success_diff_95ci": [
      -0.8666666666666667,
      -0.3333333333333333
    ]
  },
  "strategy5_a1.0_b0.5": {
    "fisher_p": 0.06043294142402482,
    "mannwhitney_p": 0.03439744889250225,
    "success_diff_95ci": [
      -0.7333333333333333,
      -0.06666666666666665
    ]
  },
  "posonly_global_a1.0_b0.5": {
    "fisher_p": 0.6998500749625187,
    "mannwhitney_p": 0.44282612113873143,
    "success_diff_95ci": [
      -0.20000000000000007,
      0.4666666666666667
    ]
  },
  "posonly_perstep_a1.0_b0.5": {
    "fisher_p": 1.0,
    "mannwhitney_p": 0.7874391974257231,
    "success_diff_95ci": [
      -0.4,
      0.2666666666666667
    ]
  },
  "linear_a0.5": {
    "fisher_p": 0.6998500749625187,
    "mannwhitney_p": 0.755709307865404,
    "success_diff_95ci": [
      -0.20000000000000007,
      0.4666666666666667
    ]
  },
  "linear_a1.0": {
    "fisher_p": 1.0,
    "mannwhitney_p": 0.6333259145156125,
    "success_diff_95ci": [
      -0.2666666666666667,
      0.4
    ]
  },
  "linear_a2.0": {
    "fisher_p": 1.0,
    "mannwhitney_p": 0.9174021048159461,
    "success_diff_95ci": [
      -0.2666666666666667,
      0.4
    ]
  },
  "linear_a5.0": {
    "fisher_p": 0.6998500749625187,
    "mannwhitney_p": 0.9503844315376063,
    "success_diff_95ci": [
      -0.20000000000000007,
      0.4666666666666667
    ]
  },
  "random_conceptor": {
    "fisher_p": 1.0,
    "mannwhitney_p": 0.575468379776696,
    "success_diff_95ci": [
      -0.2666666666666667,
      0.4
    ]
  }
}