{
  "quotas": {
    "0": 6.212256477314304,
    "1": 6.625034885715782,
    "2": 7.041911395763656,
    "3": 7.500658815015203,
    "4": 7.903826027571527,
    "5": 8.390778656688177,
    "6": 9.208186284064608,
    "7": 10.085444809049209,
    "8": 11.553082479520128,
    "9": 13.953018498921704,
    "global": 9.562181108999388
  },
  "alpha": 0.1,
  "layer": 11
}