{
  "quotas": {
    "0": 60.030865499612005,
    "1": 63.621671372187365,
    "2": 61.28583322532659,
    "3": 60.16441552410149,
    "4": 59.40235229021755,
    "5": 57.54671579378485,
    "6": 56.22021670895863,
    "7": 53.43340739518572,
    "8": 53.21932744798124,
    "9": 51.19435425790965,
    "global": 81.03465789458149
  },
  "alpha": 1.0,
  "layer": 11
}