{
  "quotas": {
    "0": 27.370283237091687,
    "1": 29.86850286701569,
    "2": 29.683051784865196,
    "3": 29.44276892824802,
    "4": 29.426704594947104,
    "5": 28.880497521584637,
    "6": 28.66165825360236,
    "7": 27.55152908588849,
    "8": 27.906512083410433,
    "9": 27.416696887008662,
    "global": 40.685246213946165
  },
  "alpha": 0.5,
  "layer": 11
}