{
  "strategy3_a0.1_b0.1": {
    "fisher_p": 1.0,
    "mannwhitney_p": 0.7089232340537643,
    "success_diff_95ci": [
      -0.2683333333333333,
      0.33333333333333337
    ]
  },
  "strategy5_a0.1_b0.1": {
    "fisher_p": 0.5977011494252873,
    "mannwhitney_p": 0.5614474146848649,
    "success_diff_95ci": [
      -0.06833333333333333,
      0.4
    ]
  },
  "posonly_global_a0.1_b0.1": {
    "fisher_p": 1.0,
    "mannwhitney_p": 0.6783024655972324,
    "success_diff_95ci": [
      -0.20000000000000007,
      0.33333333333333337
    ]
  },
  "posonly_perstep_a0.1_b0.1": {
    "fisher_p": 0.5977011494252873,
    "mannwhitney_p": 0.22902896662469463,
    "success_diff_95ci": [
      -0.06666666666666665,
      0.33333333333333337
    ]
  },
  "strategy3_a0.1_b0.3": {
    "fisher_p": 0.42698650674662664,
    "mannwhitney_p": 0.48073111045562256,
    "success_diff_95ci": [
      -0.5333333333333333,
      0.1333333333333333
    ]
  },
  "strategy5_a0.1_b0.3": {
    "fisher_p": 0.6816591704147925,
    "mannwhitney_p": 0.14657603430900068,
    "success_diff_95ci": [
      -0.4666666666666667,
      0.20000000000000007
    ]
  },
  "posonly_global_a0.1_b0.3": {
    "fisher_p": 1.0,
    "mannwhitney_p": 0.6482039260122094,
    "success_diff_95ci": [
      -0.33499999999999996,
      0.20000000000000007
    ]
  },
  "posonly_perstep_a0.1_b0.3": {
    "fisher_p": 0.6816591704147925,
    "mannwhitney_p": 0.15846460599820356,
    "success_diff_95ci": [
      -0.4666666666666667,
      0.19999999999999996
    ]
  },
  "strategy3_a0.1_b0.5": {
    "fisher_p": 0.0006789175071906773,
    "mannwhitney_p": 0.00026216888813650863,
    "success_diff_95ci": [
      -0.9333333333333333,
      -0.39999999999999997
    ]
  },
  "strategy5_a0.1_b0.5": {
    "fisher_p": 0.009220570313398513,
    "mannwhitney_p": 0.0003078634611799441,
    "success_diff_95ci": [
      -0.8,
      -0.26500000000000146
    ]
  },
  "posonly_global_a0.1_b0.5": {
    "fisher_p": 0.6816591704147925,
    "mannwhitney_p": 0.22902896662469463,
    "success_diff_95ci": [
      -0.4016666666666666,
      0.19999999999999996
    ]
  },
  "posonly_perstep_a0.1_b0.5": {
    "fisher_p": 0.6816591704147925,
    "mannwhitney_p": 0.6186695570822622,
    "success_diff_95ci": [
      -0.4666666666666667,
      0.19999999999999996
    ]
  },
  "strategy3_a0.5_b0.1": {
    "fisher_p": 0.5977011494252873,
    "mannwhitney_p": 0.8034625743147712,
    "success_diff_95ci": [
      -0.06666666666666665,
      0.4
    ]
  },
  "strategy5_a0.5_b0.1": {
    "fisher_p": 1.0,
    "mannwhitney_p": 0.48073111045562256,
    "success_diff_95ci": [
      -0.4,
      0.2666666666666667
    ]
  },
  "posonly_global_a0.5_b0.1": {
    "fisher_p": 1.0,
    "mannwhitney_p": 0.6186695570822622,
    "success_diff_95ci": [
      -0.19999999999999996,
      0.33333333333333337
    ]
  },
  "posonly_perstep_a0.5_b0.1": {
    "fisher_p": 1.0,
    "mannwhitney_p": 0.5897385933186072,
    "success_diff_95ci": [
      -0.2666666666666667,
      0.2666666666666667
    ]
  },
  "strategy3_a0.5_b0.3": {
    "fisher_p": 0.6816591704147925,
    "mannwhitney_p": 0.2997583700887151,
    "success_diff_95ci": [
      -0.4666666666666667,
      0.20000000000000007
    ]
  },
  "strategy5_a0.5_b0.3": {
    "fisher_p": 0.2450774612693653,
    "mannwhitney_p": 0.17106923105635186,
    "success_diff_95ci": [
      -0.535,
      0.06666666666666665
    ]
  },
  "posonly_global_a0.5_b0.3": {
    "fisher_p": 1.0,
    "mannwhitney_p": 0.21337370709311831,
    "success_diff_95ci": [
      -0.2666666666666667,
      0.2666666666666667
    ]
  },
  "posonly_perstep_a0.5_b0.3": {
    "fisher_p": 0.42698650674662664,
    "mannwhitney_p": 0.14657603430900068,
    "success_diff_95ci": [
      -0.46666666666666673,
      0.1333333333333333
    ]
  },
  "strategy3_a0.5_b0.5": {
    "fisher_p": 0.00011573160788027037,
    "mannwhitney_p": 9.661535870152319e-05,
    "success_diff_95ci": [
      -0.9333333333333333,
      -0.4666666666666667
    ]
  },
  "strategy5_a0.5_b0.5": {
    "fisher_p": 0.002814330708742636,
    "mannwhitney_p": 2.3290004782067234e-05,
    "success_diff_95ci": [
      -0.8666666666666667,
      -0.26666666666666666
    ]
  },
  "posonly_global_a0.5_b0.5": {
    "fisher_p": 0.42698650674662664,
    "mannwhitney_p": 0.38373262766250305,
    "success_diff_95ci": [
      -0.5333333333333333,
      0.06666666666666676
    ]
  },
  "posonly_perstep_a0.5_b0.5": {
    "fisher_p": 1.0,
    "mannwhitney_p": 0.7715511878155722,
    "success_diff_95ci": [
      -0.2666666666666667,
      0.2666666666666667
    ]
  },
  "strategy3_a1.0_b0.1": {
    "fisher_p": 0.22413793103448276,
    "mannwhitney_p": 3.3918213908250945e-06,
    "success_diff_95ci": [
      0.0,
      0.4
    ]
  },
  "strategy5_a1.0_b0.1": {
    "fisher_p": 1.0,
    "mannwhitney_p": 0.506914933812496,
    "success_diff_95ci": [
      -0.20000000000000007,
      0.33333333333333337
    ]
  },
  "posonly_global_a1.0_b0.1": {
    "fisher_p": 1.0,
    "mannwhitney_p": 0.1844100692216365,
    "success_diff_95ci": [
      -0.33333333333333337,
      0.2666666666666667
    ]
  },
  "posonly_perstep_a1.0_b0.1": {
    "fisher_p": 0.6816591704147925,
    "mannwhitney_p": 0.10573920209087935,
    "success_diff_95ci": [
      -0.4666666666666667,
      0.19999999999999996
    ]
  },
  "strategy3_a1.0_b0.3": {
    "fisher_p": 0.12813593203398302,
    "mannwhitney_p": 0.7089232340537643,
    "success_diff_95ci": [
      -0.6666666666666667,
      0.0
    ]
  },
  "strategy5_a1.0_b0.3": {
    "fisher_p": 1.0,
    "mannwhitney_p": 0.48073111045562256,
    "success_diff_95ci": [
      -0.2666666666666667,
      0.2666666666666667
    ]
  },
  "posonly_global_a1.0_b0.3": {
    "fisher_p": 1.0,
    "mannwhitney_p": 0.9669147771731937,
    "success_diff_95ci": [
      -0.20000000000000007,
      0.33333333333333337
    ]
  },
  "posonly_perstep_a1.0_b0.3": {
    "fisher_p": 1.0,
    "mannwhitney_p": 0.7089232340537643,
    "success_diff_95ci": [
      -0.2666666666666667,
      0.2666666666666667
    ]
  },
  "strategy3_a1.0_b0.5": {
    "fisher_p": 0.002814330708742636,
    "mannwhitney_p": 0.00794033626424658,
    "success_diff_95ci": [
      -0.8666666666666667,
      -0.2666666666666667
    ]
  },
  "strategy5_a1.0_b0.5": {
    "fisher_p": 0.009220570313398513,
    "mannwhitney_p": 0.0028226386759533724,
    "success_diff_95ci": [
      -0.8,
      -0.19999999999999996
    ]
  },
  "posonly_global_a1.0_b0.5": {
    "fisher_p": 1.0,
    "mannwhitney_p": 0.7715511878155722,
    "success_diff_95ci": [
      -0.2666666666666667,
      0.2666666666666667
    ]
  },
  "posonly_perstep_a1.0_b0.5": {
    "fisher_p": 1.0,
    "mannwhitney_p": 0.22902896662469463,
    "success_diff_95ci": [
      -0.20000000000000007,
      0.33333333333333337
    ]
  },
  "linear_a0.5": {
    "fisher_p": 1.0,
    "mannwhitney_p": 0.13538211004560674,
    "success_diff_95ci": [
      -0.4,
      0.20000000000000007
    ]
  },
  "linear_a1.0": {
    "fisher_p": 0.5977011494252873,
    "mannwhitney_p": 0.6482039260122094,
    "success_diff_95ci": [
      -0.06666666666666665,
      0.33333333333333337
    ]
  },
  "linear_a2.0": {
    "fisher_p": 1.0,
    "mannwhitney_p": 0.2997583700887151,
    "success_diff_95ci": [
      -0.2666666666666667,
      0.2666666666666667
    ]
  },
  "linear_a5.0": {
    "fisher_p": 0.6816591704147925,
    "mannwhitney_p": 0.00897202481281498,
    "success_diff_95ci": [
      -0.4666666666666667,
      0.20000000000000007
    ]
  },
  "random_conceptor": {
    "fisher_p": 1.0,
    "mannwhitney_p": 0.17106923105635186,
    "success_diff_95ci": [
      -0.20000000000000007,
      0.33333333333333337
    ]
  }
}