{
  "quotas": {
    "0": 37.23686674797135,
    "1": 40.13913582928633,
    "2": 41.15961682802858,
    "3": 42.4408981699774,
    "4": 43.491579821184125,
    "5": 43.07051676021654,
    "6": 42.18050786088651,
    "7": 39.37830841409429,
    "8": 38.02392208929059,
    "9": 34.945989946155066,
    "global": 54.00358682213251
  },
  "alpha": 0.5,
  "layer": 11
}