{
  "quotas": {
    "0": 76.38661958855602,
    "1": 80.38946751920845,
    "2": 79.91711877458492,
    "3": 80.61898686360335,
    "4": 81.37952696204881,
    "5": 79.80821209258018,
    "6": 77.33245585944408,
    "7": 71.90562284800312,
    "8": 68.79299400840208,
    "9": 63.03040524849152,
    "global": 101.050104888729
  },
  "alpha": 1.0,
  "layer": 11
}