{
  "quotas": {
    "0": 8.20347080825913,
    "1": 8.675925958625925,
    "2": 9.475773339187874,
    "3": 10.542801169001898,
    "4": 11.410556536640094,
    "5": 11.91941493518145,
    "6": 12.682464377619478,
    "7": 13.132089726205109,
    "8": 14.17361162743673,
    "9": 15.97329139476787,
    "global": 12.750290149184892
  },
  "alpha": 0.1,
  "layer": 11
}