{
  "strategy3_a0.1_b0.1": {
    "fisher_p": 1.0,
    "mannwhitney_p": 0.6783024655972324,
    "success_diff_95ci": [
      -0.4,
      0.2666666666666667
    ]
  },
  "strategy5_a0.1_b0.1": {
    "fisher_p": 0.6513409961685823,
    "mannwhitney_p": 0.5614474146848649,
    "success_diff_95ci": [
      -0.13333333333333341,
      0.4
    ]
  },
  "posonly_global_a0.1_b0.1": {
    "fisher_p": 0.13941976380230936,
    "mannwhitney_p": 0.15846460599820356,
    "success_diff_95ci": [
      -0.6666666666666667,
      0.0
    ]
  },
  "posonly_perstep_a0.1_b0.1": {
    "fisher_p": 0.6513409961685823,
    "mannwhitney_p": 0.8034625743147712,
    "success_diff_95ci": [
      -0.13333333333333341,
      0.4
    ]
  },
  "strategy3_a0.1_b0.3": {
    "fisher_p": 0.4497251374312844,
    "mannwhitney_p": 0.3195059648919748,
    "success_diff_95ci": [
      -0.5333333333333333,
      0.1333333333333333
    ]
  },
  "strategy5_a0.1_b0.3": {
    "fisher_p": 0.4497251374312844,
    "mannwhitney_p": 0.2997583700887151,
    "success_diff_95ci": [
      -0.5333333333333334,
      0.1333333333333333
    ]
  },
  "posonly_global_a0.1_b0.3": {
    "fisher_p": 1.0,
    "mannwhitney_p": 0.7715511878155722,
    "success_diff_95ci": [
      -0.33333333333333337,
      0.33333333333333337
    ]
  },
  "posonly_perstep_a0.1_b0.3": {
    "fisher_p": 0.13941976380230936,
    "mannwhitney_p": 0.05639236422683157,
    "success_diff_95ci": [
      -0.6000000000000001,
      0.0
    ]
  },
  "strategy3_a0.1_b0.5": {
    "fisher_p": 0.00048396854204476713,
    "mannwhitney_p": 0.1985058531538877,
    "success_diff_95ci": [
      -0.8683333333333333,
      -0.4
    ]
  },
  "strategy5_a0.1_b0.5": {
    "fisher_p": 0.00048396854204476713,
    "mannwhitney_p": 0.0002228932910846752,
    "success_diff_95ci": [
      -0.8683333333333333,
      -0.39999999999999997
    ]
  },
  "posonly_global_a0.1_b0.5": {
    "fisher_p": 1.0,
    "mannwhitney_p": 0.8034625743147712,
    "success_diff_95ci": [
      -0.33333333333333326,
      0.33333333333333326
    ]
  },
  "posonly_perstep_a0.1_b0.5": {
    "fisher_p": 0.4497251374312844,
    "mannwhitney_p": 0.15846460599820356,
    "success_diff_95ci": [
      -0.4683333333333333,
      0.19999999999999996
    ]
  },
  "strategy3_a0.5_b0.1": {
    "fisher_p": 1.0,
    "mannwhitney_p": 0.3614963660708982,
    "success_diff_95ci": [
      -0.33333333333333337,
      0.2666666666666667
    ]
  },
  "strategy5_a0.5_b0.1": {
    "fisher_p": 1.0,
    "mannwhitney_p": 0.9009714934164412,
    "success_diff_95ci": [
      -0.2666666666666667,
      0.4
    ]
  },
  "posonly_global_a0.5_b0.1": {
    "fisher_p": 1.0,
    "mannwhitney_p": 0.6783024655972324,
    "success_diff_95ci": [
      -0.4,
      0.2666666666666667
    ]
  },
  "posonly_perstep_a0.5_b0.1": {
    "fisher_p": 1.0,
    "mannwhitney_p": 0.28084201086629845,
    "success_diff_95ci": [
      -0.33333333333333326,
      0.33333333333333337
    ]
  },
  "strategy3_a0.5_b0.3": {
    "fisher_p": 0.06559547883437022,
    "mannwhitney_p": 0.28084201086629845,
    "success_diff_95ci": [
      -0.6666666666666667,
      -0.06666666666666665
    ]
  },
  "strategy5_a0.5_b0.3": {
    "fisher_p": 0.26354191325389936,
    "mannwhitney_p": 0.9009714934164412,
    "success_diff_95ci": [
      -0.6000000000000001,
      0.1333333333333333
    ]
  },
  "posonly_global_a0.5_b0.3": {
    "fisher_p": 1.0,
    "mannwhitney_p": 0.3614963660708982,
    "success_diff_95ci": [
      -0.20000000000000007,
      0.4
    ]
  },
  "posonly_perstep_a0.5_b0.3": {
    "fisher_p": 1.0,
    "mannwhitney_p": 0.48073111045562256,
    "success_diff_95ci": [
      -0.4,
      0.2666666666666667
    ]
  },
  "strategy3_a0.5_b0.5": {
    "fisher_p": 4.997501249375312e-05,
    "mannwhitney_p": 0.00018919298065443355,
    "success_diff_95ci": [
      -0.9333333333333333,
      -0.4666666666666667
    ]
  },
  "strategy5_a0.5_b0.5": {
    "fisher_p": 4.997501249375312e-05,
    "mannwhitney_p": 0.0002228932910846752,
    "success_diff_95ci": [
      -0.9333333333333333,
      -0.4666666666666667
    ]
  },
  "posonly_global_a0.5_b0.5": {
    "fisher_p": 1.0,
    "mannwhitney_p": 0.7400217511938185,
    "success_diff_95ci": [
      -0.33333333333333337,
      0.33333333333333337
    ]
  },
  "posonly_perstep_a0.5_b0.5": {
    "fisher_p": 1.0,
    "mannwhitney_p": 0.08149464839345506,
    "success_diff_95ci": [
      -0.33333333333333337,
      0.33333333333333326
    ]
  },
  "strategy3_a1.0_b0.1": {
    "fisher_p": 0.6513409961685823,
    "mannwhitney_p": 1.0,
    "success_diff_95ci": [
      -0.13333333333333341,
      0.4
    ]
  },
  "strategy5_a1.0_b0.1": {
    "fisher_p": 1.0,
    "mannwhitney_p": 0.5897385933186072,
    "success_diff_95ci": [
      -0.2666666666666666,
      0.4
    ]
  },
  "posonly_global_a1.0_b0.1": {
    "fisher_p": 0.6998500749625187,
    "mannwhitney_p": 0.6783024655972324,
    "success_diff_95ci": [
      -0.4666666666666667,
      0.20000000000000007
    ]
  },
  "posonly_perstep_a1.0_b0.1": {
    "fisher_p": 0.6513409961685823,
    "mannwhitney_p": 0.8682259903524354,
    "success_diff_95ci": [
      -0.13333333333333341,
      0.4
    ]
  },
  "strategy3_a1.0_b0.3": {
    "fisher_p": 0.06559547883437022,
    "mannwhitney_p": 0.21337370709311831,
    "success_diff_95ci": [
      -0.7333333333333334,
      -0.06666666666666665
    ]
  },
  "strategy5_a1.0_b0.3": {
    "fisher_p": 0.26354191325389936,
    "mannwhitney_p": 0.6482039260122094,
    "success_diff_95ci": [
      -0.6000000000000001,
      0.06666666666666665
    ]
  },
  "posonly_global_a1.0_b0.3": {
    "fisher_p": 1.0,
    "mannwhitney_p": 0.5614474146848649,
    "success_diff_95ci": [
      -0.4,
      0.2666666666666667
    ]
  },
  "posonly_perstep_a1.0_b0.3": {
    "fisher_p": 1.0,
    "mannwhitney_p": 0.4553018964198552,
    "success_diff_95ci": [
      -0.33333333333333337,
      0.33333333333333337
    ]
  },
  "strategy3_a1.0_b0.5": {
    "fisher_p": 0.00048396854204476713,
    "mannwhitney_p": 0.0018654646290708888,
    "success_diff_95ci": [
      -0.8666666666666667,
      -0.4
    ]
  },
  "strategy5_a1.0_b0.5": {
    "fisher_p": 0.00048396854204476713,
    "mannwhitney_p": 0.0002228932910846752,
    "success_diff_95ci": [
      -0.8666666666666667,
      -0.39999999999999997
    ]
  },
  "posonly_global_a1.0_b0.5": {
    "fisher_p": 1.0,
    "mannwhitney_p": 0.7089232340537643,
    "success_diff_95ci": [
      -0.4,
      0.2666666666666667
    ]
  },
  "posonly_perstep_a1.0_b0.5": {
    "fisher_p": 0.6998500749625187,
    "mannwhitney_p": 0.21337370709311831,
    "success_diff_95ci": [
      -0.4666666666666667,
      0.20000000000000007
    ]
  },
  "linear_a0.5": {
    "fisher_p": 0.6998500749625187,
    "mannwhitney_p": 0.8034625743147712,
    "success_diff_95ci": [
      -0.4666666666666667,
      0.19999999999999996
    ]
  },
  "linear_a1.0": {
    "fisher_p": 0.26354191325389936,
    "mannwhitney_p": 0.17106923105635186,
    "success_diff_95ci": [
      -0.6000000000000001,
      0.1333333333333333
    ]
  },
  "linear_a2.0": {
    "fisher_p": 1.0,
    "mannwhitney_p": 0.48073111045562256,
    "success_diff_95ci": [
      -0.33333333333333337,
      0.33333333333333337
    ]
  },
  "linear_a5.0": {
    "fisher_p": 1.0,
    "mannwhitney_p": 0.6186695570822622,
    "success_diff_95ci": [
      -0.4,
      0.2666666666666667
    ]
  },
  "random_conceptor": {
    "fisher_p": 0.009220570313398513,
    "mannwhitney_p": 0.14657603430900068,
    "success_diff_95ci": [
      -0.8,
      -0.2
    ]
  }
}