{
  "quotas": {
    "0": 21.308514822304623,
    "1": 23.35802603671126,
    "2": 23.68431776834467,
    "3": 23.61281955011199,
    "4": 23.65135522001854,
    "5": 23.184262582935105,
    "6": 22.937360905019382,
    "7": 21.891304760723976,
    "8": 21.91772723249271,
    "9": 20.403441027546656,
    "global": 32.99918185517165
  },
  "alpha": 0.5,
  "layer": 11
}