{
  "quotas": {
    "0": 48.12336237650027,
    "1": 51.523682927895706,
    "2": 49.985726276779104,
    "3": 48.881152900261995,
    "4": 47.958383698272094,
    "5": 46.09756883268352,
    "6": 44.38263683647105,
    "7": 41.5465730507216,
    "8": 40.68924114337389,
    "9": 37.28336827786729,
    "global": 66.46882954269063
  },
  "alpha": 1.0,
  "layer": 11
}