{
  "quotas": {
    "0": 4.671204095848127,
    "1": 5.036576035155864,
    "2": 5.483160169518264,
    "3": 5.961318427888797,
    "4": 6.40824910537438,
    "5": 6.931901524664694,
    "6": 7.787977915623584,
    "7": 8.646621583252726,
    "8": 10.053691066333624,
    "9": 12.243687611215783,
    "global": 7.7104367589996246
  },
  "alpha": 0.1,
  "layer": 11
}