{
  "strategy3_a0.1_b0.1": {
    "fisher_p": 0.6998500749625187,
    "mannwhitney_p": 0.4553018964198552,
    "success_diff_95ci": [
      -0.19999999999999996,
      0.4666666666666667
    ]
  },
  "strategy5_a0.1_b0.1": {
    "fisher_p": 1.0,
    "mannwhitney_p": 1.0,
    "success_diff_95ci": [
      -0.26666666666666666,
      0.4
    ]
  },
  "posonly_global_a0.1_b0.1": {
    "fisher_p": 0.13941976380230936,
    "mannwhitney_p": 0.08901797772326324,
    "success_diff_95ci": [
      -0.6666666666666667,
      0.0
    ]
  },
  "posonly_perstep_a0.1_b0.1": {
    "fisher_p": 0.7152491865522348,
    "mannwhitney_p": 0.506914933812496,
    "success_diff_95ci": [
      -0.4666666666666667,
      0.20166666666666522
    ]
  },
  "strategy3_a0.1_b0.3": {
    "fisher_p": 0.6998500749625187,
    "mannwhitney_p": 0.3195059648919748,
    "success_diff_95ci": [
      -0.20000000000000007,
      0.4666666666666667
    ]
  },
  "strategy5_a0.1_b0.3": {
    "fisher_p": 0.016858237547892715,
    "mannwhitney_p": 0.26275304114766074,
    "success_diff_95ci": [
      0.1333333333333333,
      0.6666666666666667
    ]
  },
  "posonly_global_a0.1_b0.3": {
    "fisher_p": 0.4660922247854402,
    "mannwhitney_p": 0.48073111045562256,
    "success_diff_95ci": [
      -0.5333333333333334,
      0.1333333333333333
    ]
  },
  "posonly_perstep_a0.1_b0.3": {
    "fisher_p": 0.4660922247854402,
    "mannwhitney_p": 0.7089232340537643,
    "success_diff_95ci": [
      -0.5333333333333334,
      0.19999999999999996
    ]
  },
  "strategy3_a0.1_b0.5": {
    "fisher_p": 0.005197401299350325,
    "mannwhitney_p": 0.0032301435955866646,
    "success_diff_95ci": [
      -0.8,
      -0.26666666666666666
    ]
  },
  "strategy5_a0.1_b0.5": {
    "fisher_p": 0.06043294142402482,
    "mannwhitney_p": 0.01140098291155517,
    "success_diff_95ci": [
      -0.6666666666666667,
      -0.06666666666666665
    ]
  },
  "posonly_global_a0.1_b0.5": {
    "fisher_p": 0.7152491865522348,
    "mannwhitney_p": 0.5338294217441396,
    "success_diff_95ci": [
      -0.4666666666666667,
      0.2
    ]
  },
  "posonly_perstep_a0.1_b0.5": {
    "fisher_p": 1.0,
    "mannwhitney_p": 0.6482039260122094,
    "success_diff_95ci": [
      -0.4,
      0.33333333333333326
    ]
  },
  "strategy3_a0.5_b0.1": {
    "fisher_p": 0.6998500749625187,
    "mannwhitney_p": 0.3400858902842717,
    "success_diff_95ci": [
      -0.20000000000000007,
      0.4666666666666667
    ]
  },
  "strategy5_a0.5_b0.1": {
    "fisher_p": 0.2147592870231551,
    "mannwhitney_p": 0.08901797772326324,
    "success_diff_95ci": [
      0.0,
      0.6
    ]
  },
  "posonly_global_a0.5_b0.1": {
    "fisher_p": 0.7152491865522348,
    "mannwhitney_p": 0.5338294217441396,
    "success_diff_95ci": [
      -0.4666666666666667,
      0.2
    ]
  },
  "posonly_perstep_a0.5_b0.1": {
    "fisher_p": 0.4660922247854402,
    "mannwhitney_p": 0.6482039260122094,
    "success_diff_95ci": [
      -0.5333333333333334,
      0.19999999999999996
    ]
  },
  "strategy3_a0.5_b0.3": {
    "fisher_p": 1.0,
    "mannwhitney_p": 0.7400217511938185,
    "success_diff_95ci": [
      -0.33333333333333337,
      0.33333333333333337
    ]
  },
  "strategy5_a0.5_b0.3": {
    "fisher_p": 0.6998500749625187,
    "mannwhitney_p": 0.48073111045562256,
    "success_diff_95ci": [
      -0.2666666666666666,
      0.4666666666666667
    ]
  },
  "posonly_global_a0.5_b0.3": {
    "fisher_p": 0.13941976380230936,
    "mannwhitney_p": 0.21337370709311831,
    "success_diff_95ci": [
      -0.6666666666666666,
      0.0
    ]
  },
  "posonly_perstep_a0.5_b0.3": {
    "fisher_p": 0.27230347674459987,
    "mannwhitney_p": 0.506914933812496,
    "success_diff_95ci": [
      -0.6,
      0.06666666666666671
    ]
  },
  "strategy3_a0.5_b0.5": {
    "fisher_p": 0.0006996501749125437,
    "mannwhitney_p": 4.8063230506309336e-05,
    "success_diff_95ci": [
      -0.8666666666666667,
      -0.3333333333333333
    ]
  },
  "strategy5_a0.5_b0.5": {
    "fisher_p": 0.0006996501749125437,
    "mannwhitney_p": 0.0021450570245935504,
    "success_diff_95ci": [
      -0.8666666666666667,
      -0.3333333333333333
    ]
  },
  "posonly_global_a0.5_b0.5": {
    "fisher_p": 0.4660922247854402,
    "mannwhitney_p": 0.28084201086629845,
    "success_diff_95ci": [
      -0.5333333333333333,
      0.1333333333333333
    ]
  },
  "posonly_perstep_a0.5_b0.5": {
    "fisher_p": 0.13941976380230936,
    "mannwhitney_p": 0.1985058531538877,
    "success_diff_95ci": [
      -0.6666666666666667,
      0.0
    ]
  },
  "strategy3_a1.0_b0.1": {
    "fisher_p": 0.08007662835249042,
    "mannwhitney_p": 0.0744956919139866,
    "success_diff_95ci": [
      0.06666666666666665,
      0.6000000000000001
    ]
  },
  "strategy5_a1.0_b0.1": {
    "fisher_p": 0.42698650674662664,
    "mannwhitney_p": 0.38373262766250305,
    "success_diff_95ci": [
      -0.1333333333333333,
      0.5333333333333332
    ]
  },
  "posonly_global_a1.0_b0.1": {
    "fisher_p": 0.27230347674459987,
    "mannwhitney_p": 0.28084201086629845,
    "success_diff_95ci": [
      -0.6,
      0.06666666666666665
    ]
  },
  "posonly_perstep_a1.0_b0.1": {
    "fisher_p": 1.0,
    "mannwhitney_p": 0.8357050269952793,
    "success_diff_95ci": [
      -0.33333333333333337,
      0.33333333333333337
    ]
  },
  "strategy3_a1.0_b0.3": {
    "fisher_p": 0.6998500749625187,
    "mannwhitney_p": 0.6482039260122094,
    "success_diff_95ci": [
      -0.19999999999999996,
      0.4
    ]
  },
  "strategy5_a1.0_b0.3": {
    "fisher_p": 0.6998500749625187,
    "mannwhitney_p": 0.5338294217441396,
    "success_diff_95ci": [
      -0.19999999999999996,
      0.4016666666666652
    ]
  },
  "posonly_global_a1.0_b0.3": {
    "fisher_p": 0.4660922247854402,
    "mannwhitney_p": 0.3400858902842717,
    "success_diff_95ci": [
      -0.5333333333333334,
      0.1333333333333333
    ]
  },
  "posonly_perstep_a1.0_b0.3": {
    "fisher_p": 0.4660922247854402,
    "mannwhitney_p": 0.43064798984807773,
    "success_diff_95ci": [
      -0.5333333333333334,
      0.13333333333333336
    ]
  },
  "strategy3_a1.0_b0.5": {
    "fisher_p": 0.0006996501749125437,
    "mannwhitney_p": 0.00026216888813650863,
    "success_diff_95ci": [
      -0.8666666666666667,
      -0.3333333333333333
    ]
  },
  "strategy5_a1.0_b0.5": {
    "fisher_p": 0.005197401299350325,
    "mannwhitney_p": 0.0006709034051003711,
    "success_diff_95ci": [
      -0.8,
      -0.2
    ]
  },
  "posonly_global_a1.0_b0.5": {
    "fisher_p": 0.06043294142402482,
    "mannwhitney_p": 0.3400858902842717,
    "success_diff_95ci": [
      -0.7333333333333333,
      -0.06666666666666665
    ]
  },
  "posonly_perstep_a1.0_b0.5": {
    "fisher_p": 1.0,
    "mannwhitney_p": 0.6482039260122094,
    "success_diff_95ci": [
      -0.33333333333333337,
      0.33333333333333337
    ]
  },
  "linear_a0.5": {
    "fisher_p": 1.0,
    "mannwhitney_p": 0.7715511878155722,
    "success_diff_95ci": [
      -0.33333333333333337,
      0.3333333333333333
    ]
  },
  "linear_a1.0": {
    "fisher_p": 1.0,
    "mannwhitney_p": 0.9669147771731937,
    "success_diff_95ci": [
      -0.33333333333333337,
      0.33333333333333337
    ]
  },
  "linear_a2.0": {
    "fisher_p": 0.06043294142402482,
    "mannwhitney_p": 0.08149464839345506,
    "success_diff_95ci": [
      -0.7333333333333333,
      -0.06666666666666665
    ]
  },
  "linear_a5.0": {
    "fisher_p": 0.005197401299350325,
    "mannwhitney_p": 0.17106923105635186,
    "success_diff_95ci": [
      -0.8,
      -0.26666666666666666
    ]
  },
  "random_conceptor": {
    "fisher_p": 0.2147592870231551,
    "mannwhitney_p": 0.08149464839345506,
    "success_diff_95ci": [
      0.0,
      0.5333333333333334
    ]
  }
}