{
  "step_counts": [
    1,
    2,
    3,
    5,
    10
  ],
  "mean_success_rates": {
    "1": 0.7466666666666666,
    "2": 0.7333333333333333,
    "3": 0.7303703703703702,
    "5": 0.7274074074074074,
    "10": 0.7496296296296296
  },
  "per_task": {
    "assembly-v3": {
      "1": 1.0,
      "2": 0.2,
      "3": 0.0,
      "5": 0.0,
      "10": 0.3333333333333333
    },
    "basketball-v3": {
      "1": 0.7333333333333333,
      "2": 0.5333333333333333,
      "3": 0.5333333333333333,
      "5": 0.4666666666666667,
      "10": 0.5333333333333333
    },
    "button-press-topdown-v3": {
      "1": 1.0,
      "2": 1.0,
      "3": 1.0,
      "5": 1.0,
      "10": 1.0
    },
    "button-press-topdown-wall-v3": {
      "1": 1.0,
      "2": 1.0,
      "3": 1.0,
      "5": 1.0,
      "10": 1.0
    },
    "button-press-v3": {
      "1": 1.0,
      "2": 1.0,
      "3": 1.0,
      "5": 1.0,
      "10": 1.0
    },
    "button-press-wall-v3": {
      "1": 1.0,
      "2": 1.0,
      "3": 1.0,
      "5": 1.0,
      "10": 1.0
    },
    "coffee-button-v3": {
      "1": 1.0,
      "2": 1.0,
      "3": 1.0,
      "5": 1.0,
      "10": 1.0
    },
    "coffee-pull-v3": {
      "1": 1.0,
      "2": 1.0,
      "3": 1.0,
      "5": 0.9333333333333333,
      "10": 0.8
    },
    "coffee-push-v3": {
      "1": 0.9333333333333333,
      "2": 0.8666666666666667,
      "3": 0.5333333333333333,
      "5": 0.8,
      "10": 0.8
    },
    "dial-turn-v3": {
      "1": 0.0,
      "2": 0.0,
      "3": 0.0,
      "5": 0.0,
      "10": 0.0
    },
    "disassemble-v3": {
      "1": 0.7333333333333333,
      "2": 0.8666666666666667,
      "3": 0.8666666666666667,
      "5": 0.8,
      "10": 0.8
    },
    "door-close-v3": {
      "1": 1.0,
      "2": 1.0,
      "3": 1.0,
      "5": 1.0,
      "10": 1.0
    },
    "door-open-v3": {
      "1": 1.0,
      "2": 0.8666666666666667,
      "3": 1.0,
      "5": 0.9333333333333333,
      "10": 1.0
    },
    "drawer-close-v3": {
      "1": 1.0,
      "2": 1.0,
      "3": 1.0,
      "5": 1.0,
      "10": 1.0
    },
    "drawer-open-v3": {
      "1": 1.0,
      "2": 1.0,
      "3": 1.0,
      "5": 1.0,
      "10": 1.0
    },
    "faucet-close-v3": {
      "1": 0.6,
      "2": 0.8,
      "3": 0.8666666666666667,
      "5": 0.9333333333333333,
      "10": 0.8666666666666667
    },
    "faucet-open-v3": {
      "1": 1.0,
      "2": 1.0,
      "3": 0.9333333333333333,
      "5": 1.0,
      "10": 1.0
    },
    "hammer-v3": {
      "1": 0.26666666666666666,
      "2": 0.26666666666666666,
      "3": 0.2,
      "5": 0.26666666666666666,
      "10": 0.4
    },
    "handle-press-side-v3": {
      "1": 1.0,
      "2": 1.0,
      "3": 1.0,
      "5": 1.0,
      "10": 1.0
    },
    "handle-press-v3": {
      "1": 1.0,
      "2": 1.0,
      "3": 1.0,
      "5": 1.0,
      "10": 1.0
    },
    "handle-pull-side-v3": {
      "1": 0.0,
      "2": 0.06666666666666667,
      "3": 0.26666666666666666,
      "5": 0.6666666666666666,
      "10": 0.4
    },
    "handle-pull-v3": {
      "1": 0.06666666666666667,
      "2": 0.06666666666666667,
      "3": 0.13333333333333333,
      "5": 0.4,
      "10": 0.3333333333333333
    },
    "lever-pull-v3": {
      "1": 0.26666666666666666,
      "2": 0.4,
      "3": 0.5333333333333333,
      "5": 0.4,
      "10": 0.6666666666666666
    },
    "peg-insert-side-v3": {
      "1": 0.8666666666666667,
      "2": 0.8666666666666667,
      "3": 0.8,
      "5": 0.3333333333333333,
      "10": 0.4
    },
    "peg-unplug-side-v3": {
      "1": 0.9333333333333333,
      "2": 1.0,
      "3": 1.0,
      "5": 1.0,
      "10": 0.8
    },
    "pick-out-of-hole-v3": {
      "1": 0.06666666666666667,
      "2": 0.0,
      "3": 0.13333333333333333,
      "5": 0.26666666666666666,
      "10": 0.13333333333333333
    },
    "pick-place-v3": {
      "1": 0.5333333333333333,
      "2": 0.4666666666666667,
      "3": 0.4666666666666667,
      "5": 0.4666666666666667,
      "10": 0.7333333333333333
    },
    "pick-place-wall-v3": {
      "1": 0.8666666666666667,
      "2": 0.13333333333333333,
      "3": 0.06666666666666667,
      "5": 0.13333333333333333,
      "10": 0.4
    },
    "plate-slide-back-side-v3": {
      "1": 0.2,
      "2": 0.4666666666666667,
      "3": 0.6,
      "5": 0.6666666666666666,
      "10": 0.6666666666666666
    },
    "plate-slide-back-v3": {
      "1": 0.2,
      "2": 0.6666666666666666,
      "3": 0.6666666666666666,
      "5": 0.26666666666666666,
      "10": 0.4666666666666667
    },
    "plate-slide-side-v3": {
      "1": 1.0,
      "2": 1.0,
      "3": 1.0,
      "5": 1.0,
      "10": 1.0
    },
    "plate-slide-v3": {
      "1": 1.0,
      "2": 1.0,
      "3": 1.0,
      "5": 1.0,
      "10": 1.0
    },
    "push-back-v3": {
      "1": 0.5333333333333333,
      "2": 0.7333333333333333,
      "3": 0.8666666666666667,
      "5": 0.6,
      "10": 0.6666666666666666
    },
    "push-v3": {
      "1": 0.9333333333333333,
      "2": 0.8,
      "3": 0.7333333333333333,
      "5": 0.8,
      "10": 1.0
    },
    "push-wall-v3": {
      "1": 0.9333333333333333,
      "2": 1.0,
      "3": 0.9333333333333333,
      "5": 1.0,
      "10": 1.0
    },
    "reach-v3": {
      "1": 1.0,
      "2": 1.0,
      "3": 0.9333333333333333,
      "5": 1.0,
      "10": 1.0
    },
    "reach-wall-v3": {
      "1": 0.8,
      "2": 0.8,
      "3": 0.8,
      "5": 0.8666666666666667,
      "10": 1.0
    },
    "shelf-place-v3": {
      "1": 0.9333333333333333,
      "2": 1.0,
      "3": 1.0,
      "5": 0.8666666666666667,
      "10": 0.8
    },
    "soccer-v3": {
      "1": 0.2,
      "2": 0.06666666666666667,
      "3": 0.0,
      "5": 0.13333333333333333,
      "10": 0.2
    },
    "stick-pull-v3": {
      "1": 0.9333333333333333,
      "2": 0.8666666666666667,
      "3": 0.6666666666666666,
      "5": 0.8666666666666667,
      "10": 0.4666666666666667
    },
    "stick-push-v3": {
      "1": 0.4666666666666667,
      "2": 0.5333333333333333,
      "3": 0.4,
      "5": 0.13333333333333333,
      "10": 0.4666666666666667
    },
    "sweep-into-v3": {
      "1": 0.8666666666666667,
      "2": 0.9333333333333333,
      "3": 1.0,
      "5": 0.8666666666666667,
      "10": 0.8
    },
    "sweep-v3": {
      "1": 0.7333333333333333,
      "2": 0.7333333333333333,
      "3": 0.9333333333333333,
      "5": 0.8666666666666667,
      "10": 0.8
    },
    "window-close-v3": {
      "1": 1.0,
      "2": 1.0,
      "3": 1.0,
      "5": 1.0,
      "10": 1.0
    },
    "window-open-v3": {
      "1": 1.0,
      "2": 1.0,
      "3": 1.0,
      "5": 1.0,
      "10": 1.0
    }
  }
}