{
  "quotas": {
    "0": 51.4970890555589,
    "1": 53.738102433740764,
    "2": 51.38571680748734,
    "3": 50.164946858999244,
    "4": 48.93161073346795,
    "5": 46.75103729232275,
    "6": 44.82362314221379,
    "7": 42.48073690225769,
    "8": 42.47697411691208,
    "9": 40.06325505896815,
    "global": 70.41870496121149
  },
  "alpha": 1.0,
  "layer": 11
}