{
  "quotas": {
    "0": 24.766298710305197,
    "1": 26.533570701351152,
    "2": 26.348639687368603,
    "3": 26.170893101404392,
    "4": 26.019558939423792,
    "5": 25.224453346218958,
    "6": 24.680494762604674,
    "7": 23.615824152672214,
    "8": 23.95375040313801,
    "9": 22.84182244950533,
    "global": 36.74552286644094
  },
  "alpha": 0.5,
  "layer": 11
}