{
  "quotas": {
    "0": 6.02974020750826,
    "1": 6.3666081028461265,
    "2": 6.725177784063549,
    "3": 7.129645607008539,
    "4": 7.500618131332004,
    "5": 7.922998133927706,
    "6": 8.638733067466704,
    "7": 9.483797079978672,
    "8": 10.989820360214884,
    "9": 13.35572789139108,
    "global": 8.889458065240335
  },
  "alpha": 0.1,
  "layer": 11
}