{
  "strategy3_a0.1_b0.1": {
    "fisher_p": 0.026837729226202166,
    "mannwhitney_p": 0.02510289275359325,
    "success_diff_95ci": [
      0.13333333333333336,
      0.7333333333333334
    ]
  },
  "strategy5_a0.1_b0.1": {
    "fisher_p": 0.13941976380230936,
    "mannwhitney_p": 0.03439744889250225,
    "success_diff_95ci": [
      0.0,
      0.6666666666666667
    ]
  },
  "posonly_global_a0.1_b0.1": {
    "fisher_p": 0.32950191570881227,
    "mannwhitney_p": 0.7715511878155722,
    "success_diff_95ci": [
      -0.4666666666666667,
      0.06666666666666667
    ]
  },
  "posonly_perstep_a0.1_b0.1": {
    "fisher_p": 1.0,
    "mannwhitney_p": 0.8682259903524354,
    "success_diff_95ci": [
      -0.4,
      0.26666666666666666
    ]
  },
  "strategy3_a0.1_b0.3": {
    "fisher_p": 1.0,
    "mannwhitney_p": 0.14657603430900068,
    "success_diff_95ci": [
      -0.3333333333333333,
      0.3333333333333333
    ]
  },
  "strategy5_a0.1_b0.3": {
    "fisher_p": 0.6998500749625187,
    "mannwhitney_p": 0.12486035998214667,
    "success_diff_95ci": [
      -0.2,
      0.4666666666666667
    ]
  },
  "posonly_global_a0.1_b0.3": {
    "fisher_p": 0.09961685823754791,
    "mannwhitney_p": 0.6482039260122094,
    "success_diff_95ci": [
      -0.4666666666666667,
      -0.06666666666666667
    ]
  },
  "posonly_perstep_a0.1_b0.3": {
    "fisher_p": 0.32950191570881227,
    "mannwhitney_p": 0.6186695570822622,
    "success_diff_95ci": [
      -0.4666666666666667,
      0.06666666666666667
    ]
  },
  "strategy3_a0.1_b0.5": {
    "fisher_p": 0.32950191570881227,
    "mannwhitney_p": 0.4067868333984651,
    "success_diff_95ci": [
      -0.4666666666666667,
      0.06666666666666667
    ]
  },
  "strategy5_a0.1_b0.5": {
    "fisher_p": 0.32950191570881227,
    "mannwhitney_p": 0.26275304114766074,
    "success_diff_95ci": [
      -0.4,
      0.06666666666666667
    ]
  },
  "posonly_global_a0.1_b0.5": {
    "fisher_p": 0.09961685823754791,
    "mannwhitney_p": 0.28084201086629845,
    "success_diff_95ci": [
      -0.4666666666666667,
      -0.06666666666666667
    ]
  },
  "posonly_perstep_a0.1_b0.5": {
    "fisher_p": 1.0,
    "mannwhitney_p": 0.9009714934164412,
    "success_diff_95ci": [
      -0.3333333333333333,
      0.33333333333333337
    ]
  },
  "strategy3_a0.5_b0.1": {
    "fisher_p": 4.9975012493753125e-05,
    "mannwhitney_p": 0.03101661143801677,
    "success_diff_95ci": [
      0.5333333333333333,
      0.9333333333333333
    ]
  },
  "strategy5_a0.5_b0.1": {
    "fisher_p": 0.009220570313398513,
    "mannwhitney_p": 0.004794758682161994,
    "success_diff_95ci": [
      0.2666666666666666,
      0.8
    ]
  },
  "posonly_global_a0.5_b0.1": {
    "fisher_p": 0.09961685823754791,
    "mannwhitney_p": 0.12486035998214667,
    "success_diff_95ci": [
      -0.4666666666666667,
      -0.06666666666666667
    ]
  },
  "posonly_perstep_a0.5_b0.1": {
    "fisher_p": 0.32950191570881227,
    "mannwhitney_p": 0.26275304114766074,
    "success_diff_95ci": [
      -0.4666666666666667,
      0.06666666666666667
    ]
  },
  "strategy3_a0.5_b0.3": {
    "fisher_p": 1.0,
    "mannwhitney_p": 0.02510289275359325,
    "success_diff_95ci": [
      -0.33333333333333337,
      0.2
    ]
  },
  "strategy5_a0.5_b0.3": {
    "fisher_p": 0.32950191570881227,
    "mannwhitney_p": 0.7715511878155722,
    "success_diff_95ci": [
      -0.4666666666666667,
      0.06666666666666667
    ]
  },
  "posonly_global_a0.5_b0.3": {
    "fisher_p": 0.32950191570881227,
    "mannwhitney_p": 0.48073111045562256,
    "success_diff_95ci": [
      -0.4666666666666667,
      0.06666666666666667
    ]
  },
  "posonly_perstep_a0.5_b0.3": {
    "fisher_p": 0.09961685823754791,
    "mannwhitney_p": 0.08149464839345506,
    "success_diff_95ci": [
      -0.4666666666666667,
      -0.06666666666666667
    ]
  },
  "strategy3_a0.5_b0.5": {
    "fisher_p": 0.09961685823754791,
    "mannwhitney_p": 0.3400858902842717,
    "success_diff_95ci": [
      -0.4666666666666667,
      -0.06666666666666667
    ]
  },
  "strategy5_a0.5_b0.5": {
    "fisher_p": 0.09961685823754791,
    "mannwhitney_p": 0.9338864180775845,
    "success_diff_95ci": [
      -0.4666666666666667,
      -0.06666666666666667
    ]
  },
  "posonly_global_a0.5_b0.5": {
    "fisher_p": 0.09961685823754791,
    "mannwhitney_p": 0.3195059648919748,
    "success_diff_95ci": [
      -0.4666666666666667,
      -0.06666666666666667
    ]
  },
  "posonly_perstep_a0.5_b0.5": {
    "fisher_p": 0.09961685823754791,
    "mannwhitney_p": 0.38373262766250305,
    "success_diff_95ci": [
      -0.4666666666666667,
      -0.06666666666666667
    ]
  },
  "strategy3_a1.0_b0.1": {
    "fisher_p": 0.06559547883437022,
    "mannwhitney_p": 0.10573920209087935,
    "success_diff_95ci": [
      0.06666666666666665,
      0.7333333333333334
    ]
  },
  "strategy5_a1.0_b0.1": {
    "fisher_p": 0.009220570313398513,
    "mannwhitney_p": 0.004794758682161994,
    "success_diff_95ci": [
      0.2666666666666666,
      0.8
    ]
  },
  "posonly_global_a1.0_b0.1": {
    "fisher_p": 0.09961685823754791,
    "mannwhitney_p": 0.26275304114766074,
    "success_diff_95ci": [
      -0.4666666666666667,
      -0.06666666666666667
    ]
  },
  "posonly_perstep_a1.0_b0.1": {
    "fisher_p": 0.09961685823754791,
    "mannwhitney_p": 0.1844100692216365,
    "success_diff_95ci": [
      -0.4666666666666667,
      -0.06666666666666667
    ]
  },
  "strategy3_a1.0_b0.3": {
    "fisher_p": 1.0,
    "mannwhitney_p": 0.13538211004560674,
    "success_diff_95ci": [
      -0.3333333333333333,
      0.33333333333333337
    ]
  },
  "strategy5_a1.0_b0.3": {
    "fisher_p": 1.0,
    "mannwhitney_p": 0.4553018964198552,
    "success_diff_95ci": [
      -0.26666666666666666,
      0.4
    ]
  },
  "posonly_global_a1.0_b0.3": {
    "fisher_p": 0.09961685823754791,
    "mannwhitney_p": 0.3195059648919748,
    "success_diff_95ci": [
      -0.4666666666666667,
      -0.06666666666666667
    ]
  },
  "posonly_perstep_a1.0_b0.3": {
    "fisher_p": 0.32950191570881227,
    "mannwhitney_p": 0.1985058531538877,
    "success_diff_95ci": [
      -0.4666666666666667,
      0.06666666666666667
    ]
  },
  "strategy3_a1.0_b0.5": {
    "fisher_p": 0.32950191570881227,
    "mannwhitney_p": 0.9338864180775845,
    "success_diff_95ci": [
      -0.4666666666666667,
      0.06666666666666667
    ]
  },
  "strategy5_a1.0_b0.5": {
    "fisher_p": 0.09961685823754791,
    "mannwhitney_p": 0.7089232340537643,
    "success_diff_95ci": [
      -0.4666666666666667,
      -0.06666666666666667
    ]
  },
  "posonly_global_a1.0_b0.5": {
    "fisher_p": 0.09961685823754791,
    "mannwhitney_p": 0.38373262766250305,
    "success_diff_95ci": [
      -0.4666666666666667,
      -0.06666666666666667
    ]
  },
  "posonly_perstep_a1.0_b0.5": {
    "fisher_p": 0.32950191570881227,
    "mannwhitney_p": 0.2997583700887151,
    "success_diff_95ci": [
      -0.4666666666666667,
      0.06666666666666667
    ]
  },
  "linear_a0.5": {
    "fisher_p": 0.09961685823754791,
    "mannwhitney_p": 0.13538211004560674,
    "success_diff_95ci": [
      -0.4666666666666667,
      -0.06666666666666667
    ]
  },
  "linear_a1.0": {
    "fisher_p": 0.09961685823754791,
    "mannwhitney_p": 0.3400858902842717,
    "success_diff_95ci": [
      -0.4666666666666667,
      -0.06666666666666667
    ]
  },
  "linear_a2.0": {
    "fisher_p": 0.09961685823754791,
    "mannwhitney_p": 0.05639236422683157,
    "success_diff_95ci": [
      -0.4666666666666667,
      -0.06666666666666667
    ]
  },
  "linear_a5.0": {
    "fisher_p": 0.09961685823754791,
    "mannwhitney_p": 0.24548500120312422,
    "success_diff_95ci": [
      -0.4666666666666667,
      -0.06666666666666667
    ]
  },
  "random_conceptor": {
    "fisher_p": 0.13941976380230936,
    "mannwhitney_p": 0.6186695570822622,
    "success_diff_95ci": [
      0.0,
      0.6666666666666667
    ]
  }
}