{
  "strategy3_a0.1_b0.1": {
    "fisher_p": 1.0,
    "mannwhitney_p": 0.5476190476190477,
    "success_diff_95ci": [
      -0.39999999999999997,
      0.8
    ]
  },
  "strategy5_a0.1_b0.1": {
    "fisher_p": 0.5238095238095238,
    "mannwhitney_p": 0.2222222222222222,
    "success_diff_95ci": [
      -0.2,
      1.0
    ]
  },
  "strategy3_a0.1_b0.3": {
    "fisher_p": 1.0,
    "mannwhitney_p": 0.30952380952380953,
    "success_diff_95ci": [
      -0.39999999999999997,
      0.8
    ]
  },
  "strategy5_a0.1_b0.3": {
    "fisher_p": 0.2063492063492064,
    "mannwhitney_p": 0.015873015873015872,
    "success_diff_95ci": [
      0.0,
      1.0
    ]
  },
  "strategy3_a0.1_b0.5": {
    "fisher_p": 1.0,
    "mannwhitney_p": 0.8412698412698413,
    "success_diff_95ci": [
      -0.6,
      0.0
    ]
  },
  "strategy5_a0.1_b0.5": {
    "fisher_p": 1.0,
    "mannwhitney_p": 0.2222222222222222,
    "success_diff_95ci": [
      -0.6,
      0.0
    ]
  },
  "strategy3_a0.5_b0.1": {
    "fisher_p": 0.5238095238095238,
    "mannwhitney_p": 0.15079365079365079,
    "success_diff_95ci": [
      -0.2,
      0.8049999999999955
    ]
  },
  "strategy5_a0.5_b0.1": {
    "fisher_p": 0.5238095238095238,
    "mannwhitney_p": 0.15079365079365079,
    "success_diff_95ci": [
      -0.2,
      0.8
    ]
  },
  "strategy3_a0.5_b0.3": {
    "fisher_p": 1.0,
    "mannwhitney_p": 0.42063492063492064,
    "success_diff_95ci": [
      -0.4,
      0.4
    ]
  },
  "strategy5_a0.5_b0.3": {
    "fisher_p": 1.0,
    "mannwhitney_p": 0.09523809523809523,
    "success_diff_95ci": [
      -0.4,
      0.6
    ]
  },
  "strategy3_a0.5_b0.5": {
    "fisher_p": 1.0,
    "mannwhitney_p": 0.6904761904761905,
    "success_diff_95ci": [
      -0.6,
      0.0
    ]
  },
  "strategy5_a0.5_b0.5": {
    "fisher_p": 1.0,
    "mannwhitney_p": 0.8412698412698413,
    "success_diff_95ci": [
      -0.6,
      0.0
    ]
  },
  "strategy3_a1.0_b0.1": {
    "fisher_p": 0.2063492063492064,
    "mannwhitney_p": 0.2222222222222222,
    "success_diff_95ci": [
      0.0,
      1.0
    ]
  },
  "strategy5_a1.0_b0.1": {
    "fisher_p": 0.5238095238095238,
    "mannwhitney_p": 0.031746031746031744,
    "success_diff_95ci": [
      -0.2,
      1.0
    ]
  },
  "strategy3_a1.0_b0.3": {
    "fisher_p": 1.0,
    "mannwhitney_p": 0.15079365079365079,
    "success_diff_95ci": [
      -0.6,
      0.0
    ]
  },
  "strategy5_a1.0_b0.3": {
    "fisher_p": 0.5238095238095238,
    "mannwhitney_p": 0.15079365079365079,
    "success_diff_95ci": [
      -0.2,
      0.8049999999999955
    ]
  },
  "strategy3_a1.0_b0.5": {
    "fisher_p": 1.0,
    "mannwhitney_p": 0.8412698412698413,
    "success_diff_95ci": [
      -0.6,
      0.0
    ]
  },
  "strategy5_a1.0_b0.5": {
    "fisher_p": 1.0,
    "mannwhitney_p": 1.0,
    "success_diff_95ci": [
      -0.6,
      0.0
    ]
  },
  "linear_a0.5": {
    "fisher_p": 1.0,
    "mannwhitney_p": 0.8412698412698413,
    "success_diff_95ci": [
      -0.4,
      0.4
    ]
  },
  "linear_a1.0": {
    "fisher_p": 1.0,
    "mannwhitney_p": 0.2222222222222222,
    "success_diff_95ci": [
      -0.6,
      0.0
    ]
  },
  "linear_a2.0": {
    "fisher_p": 1.0,
    "mannwhitney_p": 0.6904761904761905,
    "success_diff_95ci": [
      -0.6,
      0.0
    ]
  },
  "linear_a5.0": {
    "fisher_p": 1.0,
    "mannwhitney_p": 0.8412698412698413,
    "success_diff_95ci": [
      -0.6,
      0.0
    ]
  },
  "random_conceptor": {
    "fisher_p": 0.2063492063492064,
    "mannwhitney_p": 0.031746031746031744,
    "success_diff_95ci": [
      0.0,
      1.0
    ]
  }
}