{
  "quotas": {
    "0": 7.840766137256821,
    "1": 8.910822070366397,
    "2": 10.250946364491064,
    "3": 11.187990328921357,
    "4": 11.760749470634316,
    "5": 12.022669120349704,
    "6": 12.537312625490635,
    "7": 12.860980064514024,
    "8": 13.871633935595199,
    "9": 15.518721895548152,
    "global": 12.786670504393484
  },
  "alpha": 0.1,
  "layer": 11
}