{
  "quotas": {
    "0": 36.669143015149174,
    "1": 40.85495806697764,
    "2": 41.147649247907765,
    "3": 41.57220301752892,
    "4": 42.19660937175121,
    "5": 41.53251935601699,
    "6": 40.87214594280796,
    "7": 38.75621004519727,
    "8": 38.463063615538864,
    "9": 35.739862347750766,
    "global": 53.402827829343195
  },
  "alpha": 0.5,
  "layer": 11
}