{
  "quotas": {
    "0": 77.20524559568354,
    "1": 82.82153234850175,
    "2": 81.97443582734748,
    "3": 82.01216166576813,
    "4": 82.20869090951436,
    "5": 79.88222658237873,
    "6": 77.80414318849125,
    "7": 73.16033175178147,
    "8": 71.63848787102216,
    "9": 66.03084667614398,
    "global": 102.42736020055493
  },
  "alpha": 1.0,
  "layer": 11
}