{
  "strategy3_a0.1_b0.1": {
    "fisher_p": 0.16858237547892718,
    "mannwhitney_p": 0.17106923105635186,
    "success_diff_95ci": [
      0.0,
      0.5333333333333333
    ]
  },
  "strategy5_a0.1_b0.1": {
    "fisher_p": 1.0,
    "mannwhitney_p": 0.5897385933186072,
    "success_diff_95ci": [
      -0.2666666666666667,
      0.4
    ]
  },
  "posonly_global_a0.1_b0.1": {
    "fisher_p": 1.0,
    "mannwhitney_p": 0.08901797772326324,
    "success_diff_95ci": [
      -0.33333333333333337,
      0.33333333333333337
    ]
  },
  "posonly_perstep_a0.1_b0.1": {
    "fisher_p": 0.7103816512796233,
    "mannwhitney_p": 0.24548500120312422,
    "success_diff_95ci": [
      -0.46666666666666673,
      0.2
    ]
  },
  "strategy3_a0.1_b0.3": {
    "fisher_p": 1.0,
    "mannwhitney_p": 0.7089232340537643,
    "success_diff_95ci": [
      -0.2666666666666666,
      0.4
    ]
  },
  "strategy5_a0.1_b0.3": {
    "fisher_p": 1.0,
    "mannwhitney_p": 0.43064798984807773,
    "success_diff_95ci": [
      -0.33333333333333337,
      0.33333333333333337
    ]
  },
  "posonly_global_a0.1_b0.3": {
    "fisher_p": 1.0,
    "mannwhitney_p": 0.15846460599820356,
    "success_diff_95ci": [
      -0.4,
      0.2666666666666667
    ]
  },
  "posonly_perstep_a0.1_b0.3": {
    "fisher_p": 0.3898467432950191,
    "mannwhitney_p": 0.0744956919139866,
    "success_diff_95ci": [
      -0.06666666666666676,
      0.4666666666666667
    ]
  },
  "strategy3_a0.1_b0.5": {
    "fisher_p": 1.0,
    "mannwhitney_p": 0.1985058531538877,
    "success_diff_95ci": [
      -0.2666666666666667,
      0.4
    ]
  },
  "strategy5_a0.1_b0.5": {
    "fisher_p": 1.0,
    "mannwhitney_p": 0.506914933812496,
    "success_diff_95ci": [
      -0.2666666666666667,
      0.4
    ]
  },
  "posonly_global_a0.1_b0.5": {
    "fisher_p": 0.7103816512796233,
    "mannwhitney_p": 0.38373262766250305,
    "success_diff_95ci": [
      -0.4666666666666667,
      0.20000000000000007
    ]
  },
  "posonly_perstep_a0.1_b0.5": {
    "fisher_p": 0.4621373523764433,
    "mannwhitney_p": 0.24548500120312422,
    "success_diff_95ci": [
      -0.5333333333333333,
      0.1333333333333333
    ]
  },
  "strategy3_a0.5_b0.1": {
    "fisher_p": 0.6816591704147925,
    "mannwhitney_p": 0.1844100692216365,
    "success_diff_95ci": [
      -0.19999999999999996,
      0.4666666666666667
    ]
  },
  "strategy5_a0.5_b0.1": {
    "fisher_p": 1.0,
    "mannwhitney_p": 0.7089232340537643,
    "success_diff_95ci": [
      -0.33333333333333337,
      0.33333333333333337
    ]
  },
  "posonly_global_a0.5_b0.1": {
    "fisher_p": 1.0,
    "mannwhitney_p": 0.7715511878155722,
    "success_diff_95ci": [
      -0.4,
      0.2666666666666667
    ]
  },
  "posonly_perstep_a0.5_b0.1": {
    "fisher_p": 1.0,
    "mannwhitney_p": 0.9338864180775845,
    "success_diff_95ci": [
      -0.33333333333333337,
      0.33333333333333337
    ]
  },
  "strategy3_a0.5_b0.3": {
    "fisher_p": 1.0,
    "mannwhitney_p": 0.9669147771731937,
    "success_diff_95ci": [
      -0.4,
      0.2666666666666667
    ]
  },
  "strategy5_a0.5_b0.3": {
    "fisher_p": 1.0,
    "mannwhitney_p": 0.506914933812496,
    "success_diff_95ci": [
      -0.2666666666666667,
      0.4
    ]
  },
  "posonly_global_a0.5_b0.3": {
    "fisher_p": 1.0,
    "mannwhitney_p": 0.7715511878155722,
    "success_diff_95ci": [
      -0.33333333333333337,
      0.33333333333333337
    ]
  },
  "posonly_perstep_a0.5_b0.3": {
    "fisher_p": 1.0,
    "mannwhitney_p": 0.43064798984807773,
    "success_diff_95ci": [
      -0.4,
      0.2666666666666667
    ]
  },
  "strategy3_a0.5_b0.5": {
    "fisher_p": 1.0,
    "mannwhitney_p": 0.8682259903524354,
    "success_diff_95ci": [
      -0.4,
      0.26666666666666666
    ]
  },
  "strategy5_a0.5_b0.5": {
    "fisher_p": 0.6816591704147925,
    "mannwhitney_p": 0.4067868333984651,
    "success_diff_95ci": [
      -0.20000000000000007,
      0.4666666666666667
    ]
  },
  "posonly_global_a0.5_b0.5": {
    "fisher_p": 1.0,
    "mannwhitney_p": 0.04648668639528603,
    "success_diff_95ci": [
      -0.2666666666666667,
      0.4
    ]
  },
  "posonly_perstep_a0.5_b0.5": {
    "fisher_p": 1.0,
    "mannwhitney_p": 0.6482039260122094,
    "success_diff_95ci": [
      -0.33333333333333337,
      0.33333333333333337
    ]
  },
  "strategy3_a1.0_b0.1": {
    "fisher_p": 1.0,
    "mannwhitney_p": 0.9669147771731937,
    "success_diff_95ci": [
      -0.33333333333333337,
      0.33333333333333337
    ]
  },
  "strategy5_a1.0_b0.1": {
    "fisher_p": 1.0,
    "mannwhitney_p": 0.7715511878155722,
    "success_diff_95ci": [
      -0.33333333333333337,
      0.33333333333333337
    ]
  },
  "posonly_global_a1.0_b0.1": {
    "fisher_p": 0.3898467432950191,
    "mannwhitney_p": 0.0032301435955866646,
    "success_diff_95ci": [
      -0.06666666666666676,
      0.4666666666666667
    ]
  },
  "posonly_perstep_a1.0_b0.1": {
    "fisher_p": 1.0,
    "mannwhitney_p": 0.8034625743147712,
    "success_diff_95ci": [
      -0.33333333333333337,
      0.33333333333333337
    ]
  },
  "strategy3_a1.0_b0.3": {
    "fisher_p": 1.0,
    "mannwhitney_p": 0.38373262766250305,
    "success_diff_95ci": [
      -0.33333333333333337,
      0.33333333333333337
    ]
  },
  "strategy5_a1.0_b0.3": {
    "fisher_p": 0.3898467432950191,
    "mannwhitney_p": 0.5338294217441396,
    "success_diff_95ci": [
      -0.06666666666666665,
      0.4666666666666667
    ]
  },
  "posonly_global_a1.0_b0.3": {
    "fisher_p": 1.0,
    "mannwhitney_p": 0.3400858902842717,
    "success_diff_95ci": [
      -0.33333333333333337,
      0.3349999999999985
    ]
  },
  "posonly_perstep_a1.0_b0.3": {
    "fisher_p": 1.0,
    "mannwhitney_p": 0.010121802247772722,
    "success_diff_95ci": [
      -0.2666666666666667,
      0.4
    ]
  },
  "strategy3_a1.0_b0.5": {
    "fisher_p": 1.0,
    "mannwhitney_p": 0.8682259903524354,
    "success_diff_95ci": [
      -0.33333333333333337,
      0.33333333333333337
    ]
  },
  "strategy5_a1.0_b0.5": {
    "fisher_p": 1.0,
    "mannwhitney_p": 0.48073111045562256,
    "success_diff_95ci": [
      -0.4,
      0.2666666666666667
    ]
  },
  "posonly_global_a1.0_b0.5": {
    "fisher_p": 1.0,
    "mannwhitney_p": 0.14657603430900068,
    "success_diff_95ci": [
      -0.2666666666666667,
      0.4
    ]
  },
  "posonly_perstep_a1.0_b0.5": {
    "fisher_p": 0.3898467432950191,
    "mannwhitney_p": 0.03101661143801677,
    "success_diff_95ci": [
      -0.06833333333333333,
      0.4666666666666667
    ]
  },
  "linear_a0.5": {
    "fisher_p": 0.6816591704147925,
    "mannwhitney_p": 0.3614963660708982,
    "success_diff_95ci": [
      -0.19999999999999996,
      0.4666666666666667
    ]
  },
  "linear_a1.0": {
    "fisher_p": 1.0,
    "mannwhitney_p": 0.6186695570822622,
    "success_diff_95ci": [
      -0.2666666666666667,
      0.4
    ]
  },
  "linear_a2.0": {
    "fisher_p": 0.6816591704147925,
    "mannwhitney_p": 0.13538211004560674,
    "success_diff_95ci": [
      -0.20000000000000007,
      0.4666666666666667
    ]
  },
  "linear_a5.0": {
    "fisher_p": 0.6816591704147925,
    "mannwhitney_p": 0.06196961991403871,
    "success_diff_95ci": [
      -0.13333333333333341,
      0.4666666666666667
    ]
  },
  "random_conceptor": {
    "fisher_p": 1.0,
    "mannwhitney_p": 0.3614963660708982,
    "success_diff_95ci": [
      -0.2666666666666667,
      0.4
    ]
  }
}