{
  "best_layer": 5,
  "selected_alphas": [
    0.1,
    4.0,
    5.0
  ],
  "selected_betas": [
    0.1,
    0.3
  ],
  "overlap_band": [
    0.85,
    0.95
  ],
  "diagnostics": {
    "layer_quotas": {
      "0": 0.008386754430830479,
      "5": 0.025564713403582573,
      "11": 0.02161521464586258,
      "17": 0.007449474185705185
    },
    "alpha_overlaps_at_best_layer": {
      "0.1": 0.8979449373904677,
      "0.2": 0.9541591817756917,
      "0.3": 0.9781650202306117,
      "0.4": 0.9880008438206674,
      "0.5": 0.9921690213406449,
      "0.6": 0.9939069291030692,
      "0.7": 0.994496449796934,
      "0.8": 0.9944765360704849,
      "1.0": 0.9934529889387771,
      "1.2": 0.9916268490692496,
      "1.5": 0.9878229632418719,
      "1.8": 0.982940038226524,
      "2.0": 0.9791390409326812,
      "2.5": 0.9679033285231889,
      "3.0": 0.9545748838492663,
      "4.0": 0.9239061416067772,
      "5.0": 0.8914776453674915,
      "7.0": 0.8316815467368497,
      "10.0": 0.7633765131902476
    },
    "tasks": [
      "open-upper-left-drawer"
    ],
    "all_layers": [
      0,
      5,
      11,
      17
    ],
    "all_alphas": [
      0.1,
      0.2,
      0.3,
      0.4,
      0.5,
      0.6,
      0.7,
      0.8,
      1.0,
      1.2,
      1.5,
      1.8,
      2.0,
      2.5,
      3.0,
      4.0,
      5.0,
      7.0,
      10.0
    ]
  }
}