{
  "quotas": {
    "0": 27.20818903500477,
    "1": 28.69081197236016,
    "2": 28.599401117362596,
    "3": 28.583285447792733,
    "4": 28.717130266446258,
    "5": 27.968797632923412,
    "6": 27.349533324237562,
    "7": 25.615742762667587,
    "8": 25.03280686374053,
    "9": 23.12084022874936,
    "global": 38.35830461610274
  },
  "alpha": 0.5,
  "layer": 11
}