{
  "quotas": {
    "0": 58.0657699675714,
    "1": 60.052680847133445,
    "2": 58.028273076596236,
    "3": 57.165505221149786,
    "4": 56.515625198582384,
    "5": 54.252670209115834,
    "6": 52.08616394742945,
    "7": 48.08037997469747,
    "8": 46.057856646472516,
    "9": 41.81973004688893,
    "global": 75.4155549955112
  },
  "alpha": 1.0,
  "layer": 11
}