{
  "quotas": {
    "0": 6.160390775473383,
    "1": 6.4631721934057325,
    "2": 6.850147280398802,
    "3": 7.346625365461906,
    "4": 7.809637062365613,
    "5": 8.230911329914086,
    "6": 8.89896273768007,
    "7": 9.551891966902572,
    "8": 10.829284531356734,
    "9": 12.976209191039121,
    "global": 9.05989020722792
  },
  "alpha": 0.1,
  "layer": 11
}