{
  "strategy3_a0.1_b0.1": {
    "fisher_p": 0.08007662835249042,
    "mannwhitney_p": 0.0032301435955866646,
    "success_diff_95ci": [
      0.06666666666666665,
      0.6000000000000001
    ]
  },
  "strategy5_a0.1_b0.1": {
    "fisher_p": 0.42698650674662664,
    "mannwhitney_p": 0.0032301435955866646,
    "success_diff_95ci": [
      -0.1333333333333333,
      0.5333333333333333
    ]
  },
  "posonly_global_a0.1_b0.1": {
    "fisher_p": 0.7152491865522348,
    "mannwhitney_p": 0.6783024655972324,
    "success_diff_95ci": [
      -0.5333333333333332,
      0.2
    ]
  },
  "posonly_perstep_a0.1_b0.1": {
    "fisher_p": 0.6998500749625187,
    "mannwhitney_p": 0.21337370709311831,
    "success_diff_95ci": [
      -0.20000000000000007,
      0.4666666666666667
    ]
  },
  "strategy3_a0.1_b0.3": {
    "fisher_p": 0.08007662835249042,
    "mannwhitney_p": 0.14657603430900068,
    "success_diff_95ci": [
      0.06666666666666665,
      0.6000000000000001
    ]
  },
  "strategy5_a0.1_b0.3": {
    "fisher_p": 1.0,
    "mannwhitney_p": 0.8034625743147712,
    "success_diff_95ci": [
      -0.33333333333333326,
      0.4
    ]
  },
  "posonly_global_a0.1_b0.3": {
    "fisher_p": 0.27230347674459987,
    "mannwhitney_p": 0.5897385933186072,
    "success_diff_95ci": [
      -0.6000000000000001,
      0.06666666666666665
    ]
  },
  "posonly_perstep_a0.1_b0.3": {
    "fisher_p": 1.0,
    "mannwhitney_p": 0.0744956919139866,
    "success_diff_95ci": [
      -0.33333333333333337,
      0.33333333333333337
    ]
  },
  "strategy3_a0.1_b0.5": {
    "fisher_p": 0.020939530234882556,
    "mannwhitney_p": 0.00011457127866286101,
    "success_diff_95ci": [
      -0.7333333333333334,
      -0.19999999999999998
    ]
  },
  "strategy5_a0.1_b0.5": {
    "fisher_p": 1.0,
    "mannwhitney_p": 0.4067868333984651,
    "success_diff_95ci": [
      -0.2666666666666667,
      0.4
    ]
  },
  "posonly_global_a0.1_b0.5": {
    "fisher_p": 1.0,
    "mannwhitney_p": 0.5614474146848649,
    "success_diff_95ci": [
      -0.2666666666666667,
      0.4
    ]
  },
  "posonly_perstep_a0.1_b0.5": {
    "fisher_p": 0.6998500749625187,
    "mannwhitney_p": 0.15846460599820356,
    "success_diff_95ci": [
      -0.19999999999999996,
      0.4666666666666667
    ]
  },
  "strategy3_a0.5_b0.1": {
    "fisher_p": 1.0,
    "mannwhitney_p": 0.03808828420629213,
    "success_diff_95ci": [
      -0.2666666666666667,
      0.4
    ]
  },
  "strategy5_a0.5_b0.1": {
    "fisher_p": 0.6998500749625187,
    "mannwhitney_p": 0.00897202481281498,
    "success_diff_95ci": [
      -0.20000000000000007,
      0.4666666666666667
    ]
  },
  "posonly_global_a0.5_b0.1": {
    "fisher_p": 1.0,
    "mannwhitney_p": 0.11498741920155964,
    "success_diff_95ci": [
      -0.2666666666666667,
      0.4
    ]
  },
  "posonly_perstep_a0.5_b0.1": {
    "fisher_p": 0.4660922247854402,
    "mannwhitney_p": 0.3400858902842717,
    "success_diff_95ci": [
      -0.5333333333333333,
      0.13333333333333336
    ]
  },
  "strategy3_a0.5_b0.3": {
    "fisher_p": 0.08007662835249042,
    "mannwhitney_p": 0.01806662299891238,
    "success_diff_95ci": [
      0.06666666666666665,
      0.6
    ]
  },
  "strategy5_a0.5_b0.3": {
    "fisher_p": 0.6998500749625187,
    "mannwhitney_p": 0.5338294217441396,
    "success_diff_95ci": [
      -0.19999999999999996,
      0.4666666666666667
    ]
  },
  "posonly_global_a0.5_b0.3": {
    "fisher_p": 0.4660922247854402,
    "mannwhitney_p": 1.0,
    "success_diff_95ci": [
      -0.5333333333333334,
      0.13333333333333336
    ]
  },
  "posonly_perstep_a0.5_b0.3": {
    "fisher_p": 1.0,
    "mannwhitney_p": 0.38373262766250305,
    "success_diff_95ci": [
      -0.33333333333333337,
      0.33333333333333337
    ]
  },
  "strategy3_a0.5_b0.5": {
    "fisher_p": 0.06043294142402482,
    "mannwhitney_p": 0.00794033626424658,
    "success_diff_95ci": [
      -0.7333333333333333,
      -0.06666666666666665
    ]
  },
  "strategy5_a0.5_b0.5": {
    "fisher_p": 0.020939530234882556,
    "mannwhitney_p": 0.0006709034051003711,
    "success_diff_95ci": [
      -0.7333333333333334,
      -0.19999999999999998
    ]
  },
  "posonly_global_a0.5_b0.5": {
    "fisher_p": 0.7152491865522348,
    "mannwhitney_p": 0.8357050269952793,
    "success_diff_95ci": [
      -0.4666666666666667,
      0.20166666666666522
    ]
  },
  "posonly_perstep_a0.5_b0.5": {
    "fisher_p": 0.13941976380230936,
    "mannwhitney_p": 0.15846460599820356,
    "success_diff_95ci": [
      -0.6666666666666666,
      0.0
    ]
  },
  "strategy3_a1.0_b0.1": {
    "fisher_p": 0.08007662835249042,
    "mannwhitney_p": 0.0006709034051003711,
    "success_diff_95ci": [
      0.06666666666666665,
      0.6000000000000001
    ]
  },
  "strategy5_a1.0_b0.1": {
    "fisher_p": 0.08007662835249042,
    "mannwhitney_p": 0.0018654646290708888,
    "success_diff_95ci": [
      0.0,
      0.6000000000000001
    ]
  },
  "posonly_global_a1.0_b0.1": {
    "fisher_p": 0.06043294142402482,
    "mannwhitney_p": 0.6783024655972324,
    "success_diff_95ci": [
      -0.7333333333333333,
      -0.06666666666666665
    ]
  },
  "posonly_perstep_a1.0_b0.1": {
    "fisher_p": 1.0,
    "mannwhitney_p": 0.6482039260122094,
    "success_diff_95ci": [
      -0.4,
      0.26833333333333187
    ]
  },
  "strategy3_a1.0_b0.3": {
    "fisher_p": 0.42698650674662664,
    "mannwhitney_p": 0.43064798984807773,
    "success_diff_95ci": [
      -0.1333333333333333,
      0.5333333333333333
    ]
  },
  "strategy5_a1.0_b0.3": {
    "fisher_p": 0.42698650674662664,
    "mannwhitney_p": 0.11498741920155964,
    "success_diff_95ci": [
      -0.13333333333333341,
      0.5333333333333333
    ]
  },
  "posonly_global_a1.0_b0.3": {
    "fisher_p": 0.4660922247854402,
    "mannwhitney_p": 0.6482039260122094,
    "success_diff_95ci": [
      -0.5333333333333334,
      0.13333333333333336
    ]
  },
  "posonly_perstep_a1.0_b0.3": {
    "fisher_p": 0.27230347674459987,
    "mannwhitney_p": 0.7400217511938185,
    "success_diff_95ci": [
      -0.6000000000000001,
      0.06666666666666671
    ]
  },
  "strategy3_a1.0_b0.5": {
    "fisher_p": 0.13941976380230936,
    "mannwhitney_p": 0.0036905851986807135,
    "success_diff_95ci": [
      -0.6666666666666666,
      0.0
    ]
  },
  "strategy5_a1.0_b0.5": {
    "fisher_p": 0.06043294142402482,
    "mannwhitney_p": 0.0032301435955866646,
    "success_diff_95ci": [
      -0.7333333333333333,
      -0.06666666666666665
    ]
  },
  "posonly_global_a1.0_b0.5": {
    "fisher_p": 0.4660922247854402,
    "mannwhitney_p": 0.7400217511938185,
    "success_diff_95ci": [
      -0.5333333333333333,
      0.13333333333333336
    ]
  },
  "posonly_perstep_a1.0_b0.5": {
    "fisher_p": 0.4660922247854402,
    "mannwhitney_p": 0.9669147771731937,
    "success_diff_95ci": [
      -0.5333333333333334,
      0.19999999999999996
    ]
  },
  "linear_a0.5": {
    "fisher_p": 1.0,
    "mannwhitney_p": 0.8357050269952793,
    "success_diff_95ci": [
      -0.39999999999999997,
      0.26666666666666666
    ]
  },
  "linear_a1.0": {
    "fisher_p": 0.27230347674459987,
    "mannwhitney_p": 0.22902896662469463,
    "success_diff_95ci": [
      -0.6,
      0.06666666666666671
    ]
  },
  "linear_a2.0": {
    "fisher_p": 0.13941976380230936,
    "mannwhitney_p": 0.06799575043506911,
    "success_diff_95ci": [
      -0.6666666666666666,
      0.0
    ]
  },
  "linear_a5.0": {
    "fisher_p": 0.13941976380230936,
    "mannwhitney_p": 0.0014040790204992788,
    "success_diff_95ci": [
      -0.6666666666666666,
      0.0
    ]
  },
  "random_conceptor": {
    "fisher_p": 0.2147592870231551,
    "mannwhitney_p": 0.15846460599820356,
    "success_diff_95ci": [
      -0.06666666666666665,
      0.6
    ]
  }
}