{
  "quotas": {
    "0": 52.348880247140634,
    "1": 56.521192993244924,
    "2": 55.25195570089879,
    "3": 54.80733894292287,
    "4": 54.18794979398986,
    "5": 51.57813955755522,
    "6": 49.06108285866058,
    "7": 45.59445895489319,
    "8": 44.34740426760188,
    "9": 39.155325463397645,
    "global": 70.71725025464073
  },
  "alpha": 1.0,
  "layer": 11
}