{
  "quotas": {
    "0": 23.148101406511252,
    "1": 25.45613752041231,
    "2": 25.856411394687306,
    "3": 26.013435226559395,
    "4": 26.120246564315046,
    "5": 25.24280506838205,
    "6": 24.625142069058093,
    "7": 23.30322123432144,
    "8": 23.20266526620251,
    "9": 20.937613092586375,
    "global": 34.81939113908103
  },
  "alpha": 0.5,
  "layer": 11
}