{
  "quotas": {
    "0": 4.444717299703422,
    "1": 4.79960912131504,
    "2": 5.290566909151323,
    "3": 5.9190120125344965,
    "4": 6.5239007287988535,
    "5": 7.06672229887865,
    "6": 8.012366387254016,
    "7": 8.831503527332565,
    "8": 10.148701704166744,
    "9": 12.026328576547934,
    "global": 7.646001410578086
  },
  "alpha": 0.1,
  "layer": 11
}