{
  "strategy3_a0.1_b0.1": {
    "fisher_p": 1.0,
    "mannwhitney_p": 0.3614963660708982,
    "success_diff_95ci": [
      -0.2666666666666667,
      0.1333333333333333
    ]
  },
  "strategy5_a0.1_b0.1": {
    "fisher_p": 1.0,
    "mannwhitney_p": 0.3614963660708982,
    "success_diff_95ci": [
      -0.19999999999999996,
      0.19999999999999996
    ]
  },
  "posonly_global_a0.1_b0.1": {
    "fisher_p": 1.0,
    "mannwhitney_p": 0.8357050269952793,
    "success_diff_95ci": [
      -0.19999999999999996,
      0.19999999999999996
    ]
  },
  "posonly_perstep_a0.1_b0.1": {
    "fisher_p": 1.0,
    "mannwhitney_p": 9.073400856319234e-06,
    "success_diff_95ci": [
      0.0,
      0.19999999999999996
    ]
  },
  "strategy3_a0.1_b0.3": {
    "fisher_p": 0.014192903548225888,
    "mannwhitney_p": 0.06799575043506911,
    "success_diff_95ci": [
      -0.7333333333333334,
      -0.20000000000000007
    ]
  },
  "strategy5_a0.1_b0.3": {
    "fisher_p": 0.005197401299350325,
    "mannwhitney_p": 0.0744956919139866,
    "success_diff_95ci": [
      -0.8,
      -0.2666666666666667
    ]
  },
  "posonly_global_a0.1_b0.3": {
    "fisher_p": 1.0,
    "mannwhitney_p": 0.7400217511938185,
    "success_diff_95ci": [
      -0.33333333333333337,
      0.1333333333333333
    ]
  },
  "posonly_perstep_a0.1_b0.3": {
    "fisher_p": 0.5977011494252873,
    "mannwhitney_p": 0.9009714934164412,
    "success_diff_95ci": [
      -0.4,
      0.06666666666666665
    ]
  },
  "strategy3_a0.1_b0.5": {
    "fisher_p": 0.0004839685420447671,
    "mannwhitney_p": 0.0021450570245935504,
    "success_diff_95ci": [
      -0.9333333333333333,
      -0.4
    ]
  },
  "strategy5_a0.1_b0.5": {
    "fisher_p": 0.005197401299350325,
    "mannwhitney_p": 0.0006709034051003711,
    "success_diff_95ci": [
      -0.8,
      -0.2666666666666667
    ]
  },
  "posonly_global_a0.1_b0.5": {
    "fisher_p": 1.0,
    "mannwhitney_p": 0.8682259903524354,
    "success_diff_95ci": [
      -0.19999999999999996,
      0.19999999999999996
    ]
  },
  "posonly_perstep_a0.1_b0.5": {
    "fisher_p": 1.0,
    "mannwhitney_p": 0.6783024655972324,
    "success_diff_95ci": [
      -0.2666666666666667,
      0.1333333333333333
    ]
  },
  "strategy3_a0.5_b0.1": {
    "fisher_p": 1.0,
    "mannwhitney_p": 0.5338294217441396,
    "success_diff_95ci": [
      -0.2666666666666667,
      0.1333333333333333
    ]
  },
  "strategy5_a0.5_b0.1": {
    "fisher_p": 1.0,
    "mannwhitney_p": 0.3195059648919748,
    "success_diff_95ci": [
      -0.2666666666666667,
      0.1333333333333333
    ]
  },
  "posonly_global_a0.5_b0.1": {
    "fisher_p": 1.0,
    "mannwhitney_p": 0.9338864180775845,
    "success_diff_95ci": [
      -0.2666666666666667,
      0.1333333333333333
    ]
  },
  "posonly_perstep_a0.5_b0.1": {
    "fisher_p": 0.5977011494252873,
    "mannwhitney_p": 0.6186695570822622,
    "success_diff_95ci": [
      -0.4,
      0.1333333333333333
    ]
  },
  "strategy3_a0.5_b0.3": {
    "fisher_p": 0.0351824087956022,
    "mannwhitney_p": 0.03439744889250225,
    "success_diff_95ci": [
      -0.6666666666666667,
      -0.13333333333333341
    ]
  },
  "strategy5_a0.5_b0.3": {
    "fisher_p": 0.0351824087956022,
    "mannwhitney_p": 0.10573920209087935,
    "success_diff_95ci": [
      -0.6666666666666667,
      -0.13333333333333341
    ]
  },
  "posonly_global_a0.5_b0.3": {
    "fisher_p": 1.0,
    "mannwhitney_p": 3.3918213908250945e-06,
    "success_diff_95ci": [
      0.0,
      0.19999999999999996
    ]
  },
  "posonly_perstep_a0.5_b0.3": {
    "fisher_p": 0.5977011494252873,
    "mannwhitney_p": 0.9669147771731937,
    "success_diff_95ci": [
      -0.4,
      0.1333333333333333
    ]
  },
  "strategy3_a0.5_b0.5": {
    "fisher_p": 0.001699150424787606,
    "mannwhitney_p": 4.0199730927471705e-05,
    "success_diff_95ci": [
      -0.8666666666666667,
      -0.33333333333333337
    ]
  },
  "strategy5_a0.5_b0.5": {
    "fisher_p": 0.001699150424787606,
    "mannwhitney_p": 8.13402807598356e-05,
    "success_diff_95ci": [
      -0.8666666666666667,
      -0.33333333333333337
    ]
  },
  "posonly_global_a0.5_b0.5": {
    "fisher_p": 1.0,
    "mannwhitney_p": 0.8034625743147712,
    "success_diff_95ci": [
      -0.19999999999999996,
      0.19999999999999996
    ]
  },
  "posonly_perstep_a0.5_b0.5": {
    "fisher_p": 1.0,
    "mannwhitney_p": 0.006189824426537995,
    "success_diff_95ci": [
      0.0,
      0.19999999999999996
    ]
  },
  "strategy3_a1.0_b0.1": {
    "fisher_p": 1.0,
    "mannwhitney_p": 0.22902896662469463,
    "success_diff_95ci": [
      -0.2666666666666667,
      0.1333333333333333
    ]
  },
  "strategy5_a1.0_b0.1": {
    "fisher_p": 1.0,
    "mannwhitney_p": 0.506914933812496,
    "success_diff_95ci": [
      -0.19999999999999996,
      0.19999999999999996
    ]
  },
  "posonly_global_a1.0_b0.1": {
    "fisher_p": 1.0,
    "mannwhitney_p": 0.7089232340537643,
    "success_diff_95ci": [
      -0.33333333333333337,
      0.1333333333333333
    ]
  },
  "posonly_perstep_a1.0_b0.1": {
    "fisher_p": 1.0,
    "mannwhitney_p": 1.0,
    "success_diff_95ci": [
      -0.19999999999999996,
      0.19999999999999996
    ]
  },
  "strategy3_a1.0_b0.3": {
    "fisher_p": 0.014192903548225888,
    "mannwhitney_p": 0.042110616791807005,
    "success_diff_95ci": [
      -0.7333333333333334,
      -0.20000000000000007
    ]
  },
  "strategy5_a1.0_b0.3": {
    "fisher_p": 0.0351824087956022,
    "mannwhitney_p": 0.01806662299891238,
    "success_diff_95ci": [
      -0.6666666666666667,
      -0.1333333333333333
    ]
  },
  "posonly_global_a1.0_b0.3": {
    "fisher_p": 1.0,
    "mannwhitney_p": 0.9009714934164412,
    "success_diff_95ci": [
      -0.2666666666666667,
      0.1333333333333333
    ]
  },
  "posonly_perstep_a1.0_b0.3": {
    "fisher_p": 1.0,
    "mannwhitney_p": 0.5614474146848649,
    "success_diff_95ci": [
      0.0,
      0.19999999999999996
    ]
  },
  "strategy3_a1.0_b0.5": {
    "fisher_p": 0.0351824087956022,
    "mannwhitney_p": 0.0003078634611799441,
    "success_diff_95ci": [
      -0.6666666666666667,
      -0.1333333333333333
    ]
  },
  "strategy5_a1.0_b0.5": {
    "fisher_p": 0.0004839685420447671,
    "mannwhitney_p": 0.00026216888813650863,
    "success_diff_95ci": [
      -0.8666666666666667,
      -0.4
    ]
  },
  "posonly_global_a1.0_b0.5": {
    "fisher_p": 1.0,
    "mannwhitney_p": 3.3918213908250945e-06,
    "success_diff_95ci": [
      0.0,
      0.19999999999999996
    ]
  },
  "posonly_perstep_a1.0_b0.5": {
    "fisher_p": 1.0,
    "mannwhitney_p": 3.3918213908250945e-06,
    "success_diff_95ci": [
      0.0,
      0.19999999999999996
    ]
  },
  "linear_a0.5": {
    "fisher_p": 1.0,
    "mannwhitney_p": 4.8063230506309336e-05,
    "success_diff_95ci": [
      0.0,
      0.19999999999999996
    ]
  },
  "linear_a1.0": {
    "fisher_p": 1.0,
    "mannwhitney_p": 9.073400856319234e-06,
    "success_diff_95ci": [
      0.0,
      0.19999999999999996
    ]
  },
  "linear_a2.0": {
    "fisher_p": 1.0,
    "mannwhitney_p": 0.9669147771731937,
    "success_diff_95ci": [
      -0.19999999999999996,
      0.19999999999999996
    ]
  },
  "linear_a5.0": {
    "fisher_p": 1.0,
    "mannwhitney_p": 0.00794033626424658,
    "success_diff_95ci": [
      -0.19999999999999996,
      0.19999999999999996
    ]
  },
  "random_conceptor": {
    "fisher_p": 0.0004839685420447671,
    "mannwhitney_p": 0.007016199234239618,
    "success_diff_95ci": [
      -0.8666666666666667,
      -0.4666666666666666
    ]
  }
}