{
  "quotas": {
    "0": 63.23216003849125,
    "1": 67.76590666968505,
    "2": 67.17911300369542,
    "3": 66.73431314262558,
    "4": 65.59922978256063,
    "5": 62.71146773936857,
    "6": 59.59359892110176,
    "7": 55.011192173804055,
    "8": 53.06218514969215,
    "9": 48.16235161546071,
    "global": 84.21569020061301
  },
  "alpha": 1.0,
  "layer": 11
}