{
  "quotas": {
    "0": 6.644500033940631,
    "1": 7.108546115002087,
    "2": 7.906457566034783,
    "3": 8.886760873750381,
    "4": 9.56766499555592,
    "5": 9.945900313922753,
    "6": 10.665587920454607,
    "7": 11.159889915672817,
    "8": 12.27753783404065,
    "9": 14.150838647828023,
    "global": 10.629963516236202
  },
  "alpha": 0.1,
  "layer": 11
}