{
  "quotas": {
    "0": 29.722316021329007,
    "1": 32.7762881310086,
    "2": 33.68569523138066,
    "3": 34.06176848170859,
    "4": 34.00908804818452,
    "5": 32.85845680037583,
    "6": 31.68707037988355,
    "7": 29.52929219054881,
    "8": 28.990418610735873,
    "9": 26.706876532166262,
    "global": 43.71043632787652
  },
  "alpha": 0.5,
  "layer": 11
}