{
  "quotas": {
    "0": 32.880721595112306,
    "1": 36.9143475361827,
    "2": 38.768662333244635,
    "3": 40.715777341239686,
    "4": 42.42064755106051,
    "5": 43.02920314951862,
    "6": 43.757919000459495,
    "7": 42.466725524904376,
    "8": 41.367046706515595,
    "9": 36.35536920567443,
    "global": 54.41583070765093
  },
  "alpha": 0.5,
  "layer": 11
}