{
  "quotas": {
    "0": 69.2034909878279,
    "1": 75.7963862864334,
    "2": 77.49847006014787,
    "3": 79.7599860735093,
    "4": 82.09547435369112,
    "5": 82.23837832006194,
    "6": 82.44319211554631,
    "7": 79.60039654319365,
    "8": 77.25644943761868,
    "9": 67.88314497016994,
    "global": 104.01143121485131
  },
  "alpha": 1.0,
  "layer": 11
}