{
  "quotas": {
    "0": 7.325047467152535,
    "1": 7.956209081529737,
    "2": 9.046714596058687,
    "3": 10.219463107001314,
    "4": 11.04252559334273,
    "5": 11.642643028600052,
    "6": 12.585456888396017,
    "7": 13.26774033272066,
    "8": 14.354598804190019,
    "9": 15.770360203335546,
    "global": 12.812143148171915
  },
  "alpha": 0.1,
  "layer": 11
}