{
  "strategy3_a0.1_b0.1": {
    "fisher_p": 0.5977011494252873,
    "mannwhitney_p": 0.8357050269952793,
    "success_diff_95ci": [
      -0.4,
      0.06666666666666676
    ]
  },
  "strategy5_a0.1_b0.1": {
    "fisher_p": 0.5977011494252873,
    "mannwhitney_p": 0.8357050269952793,
    "success_diff_95ci": [
      -0.4,
      0.06666666666666676
    ]
  },
  "posonly_global_a0.1_b0.1": {
    "fisher_p": 1.0,
    "mannwhitney_p": 5.737063008488556e-05,
    "success_diff_95ci": [
      0.0,
      0.19999999999999996
    ]
  },
  "posonly_perstep_a0.1_b0.1": {
    "fisher_p": 1.0,
    "mannwhitney_p": 5.737063008488556e-05,
    "success_diff_95ci": [
      0.0,
      0.19999999999999996
    ]
  },
  "strategy3_a0.1_b0.3": {
    "fisher_p": 0.005197401299350325,
    "mannwhitney_p": 0.01614027989360373,
    "success_diff_95ci": [
      -0.8,
      -0.2666666666666667
    ]
  },
  "strategy5_a0.1_b0.3": {
    "fisher_p": 0.005197401299350325,
    "mannwhitney_p": 0.005452139856940547,
    "success_diff_95ci": [
      -0.8,
      -0.2666666666666666
    ]
  },
  "posonly_global_a0.1_b0.3": {
    "fisher_p": 1.0,
    "mannwhitney_p": 0.09709106759647709,
    "success_diff_95ci": [
      -0.2666666666666667,
      0.1333333333333333
    ]
  },
  "posonly_perstep_a0.1_b0.3": {
    "fisher_p": 0.5977011494252873,
    "mannwhitney_p": 0.5897385933186072,
    "success_diff_95ci": [
      -0.33499999999999996,
      0.06666666666666676
    ]
  },
  "strategy3_a0.1_b0.5": {
    "fisher_p": 2.062952012126032e-07,
    "mannwhitney_p": 2.7983495853192978e-05,
    "success_diff_95ci": [
      -1.0,
      -0.8
    ]
  },
  "strategy5_a0.1_b0.5": {
    "fisher_p": 2.9139197171280197e-06,
    "mannwhitney_p": 0.0001603262273507153,
    "success_diff_95ci": [
      -1.0,
      -0.6666666666666667
    ]
  },
  "posonly_global_a0.1_b0.5": {
    "fisher_p": 0.16858237547892718,
    "mannwhitney_p": 0.7089232340537643,
    "success_diff_95ci": [
      -0.5333333333333333,
      0.0
    ]
  },
  "posonly_perstep_a0.1_b0.5": {
    "fisher_p": 0.001699150424787606,
    "mannwhitney_p": 0.010121802247772722,
    "success_diff_95ci": [
      -0.8666666666666667,
      -0.33333333333333337
    ]
  },
  "strategy3_a0.5_b0.1": {
    "fisher_p": 0.5977011494252873,
    "mannwhitney_p": 0.8357050269952793,
    "success_diff_95ci": [
      -0.4,
      0.1333333333333333
    ]
  },
  "strategy5_a0.5_b0.1": {
    "fisher_p": 1.0,
    "mannwhitney_p": 0.004794758682161994,
    "success_diff_95ci": [
      0.0,
      0.19999999999999996
    ]
  },
  "posonly_global_a0.5_b0.1": {
    "fisher_p": 0.5977011494252873,
    "mannwhitney_p": 0.9009714934164412,
    "success_diff_95ci": [
      -0.4,
      0.1333333333333333
    ]
  },
  "posonly_perstep_a0.5_b0.1": {
    "fisher_p": 1.0,
    "mannwhitney_p": 0.6783024655972324,
    "success_diff_95ci": [
      -0.2666666666666667,
      0.1333333333333333
    ]
  },
  "strategy3_a0.5_b0.3": {
    "fisher_p": 0.0004839685420447671,
    "mannwhitney_p": 0.0021450570245935504,
    "success_diff_95ci": [
      -0.8683333333333333,
      -0.4
    ]
  },
  "strategy5_a0.5_b0.3": {
    "fisher_p": 0.00011573160788027037,
    "mannwhitney_p": 0.0014040790204992788,
    "success_diff_95ci": [
      -0.9333333333333333,
      -0.4666666666666667
    ]
  },
  "posonly_global_a0.5_b0.3": {
    "fisher_p": 1.0,
    "mannwhitney_p": 0.9669147771731937,
    "success_diff_95ci": [
      -0.2666666666666667,
      0.1333333333333333
    ]
  },
  "posonly_perstep_a0.5_b0.3": {
    "fisher_p": 1.0,
    "mannwhitney_p": 0.15846460599820356,
    "success_diff_95ci": [
      -0.19999999999999996,
      0.19999999999999996
    ]
  },
  "strategy3_a0.5_b0.5": {
    "fisher_p": 2.1867291328535937e-05,
    "mannwhitney_p": 0.0003609347195741741,
    "success_diff_95ci": [
      -1.0,
      -0.5333333333333334
    ]
  },
  "strategy5_a0.5_b0.5": {
    "fisher_p": 2.062952012126032e-07,
    "mannwhitney_p": 2.7983495853192978e-05,
    "success_diff_95ci": [
      -1.0,
      -0.8
    ]
  },
  "posonly_global_a0.5_b0.5": {
    "fisher_p": 1.0,
    "mannwhitney_p": 0.13538211004560674,
    "success_diff_95ci": [
      -0.19999999999999996,
      0.19999999999999996
    ]
  },
  "posonly_perstep_a0.5_b0.5": {
    "fisher_p": 1.0,
    "mannwhitney_p": 0.4553018964198552,
    "success_diff_95ci": [
      -0.19999999999999996,
      0.19999999999999996
    ]
  },
  "strategy3_a1.0_b0.1": {
    "fisher_p": 1.0,
    "mannwhitney_p": 5.737063008488556e-05,
    "success_diff_95ci": [
      0.0,
      0.19999999999999996
    ]
  },
  "strategy5_a1.0_b0.1": {
    "fisher_p": 1.0,
    "mannwhitney_p": 0.10573920209087935,
    "success_diff_95ci": [
      -0.19999999999999996,
      0.19999999999999996
    ]
  },
  "posonly_global_a1.0_b0.1": {
    "fisher_p": 0.5977011494252873,
    "mannwhitney_p": 0.8357050269952793,
    "success_diff_95ci": [
      -0.33333333333333337,
      0.06833333333333191
    ]
  },
  "posonly_perstep_a1.0_b0.1": {
    "fisher_p": 1.0,
    "mannwhitney_p": 0.4067868333984651,
    "success_diff_95ci": [
      -0.2666666666666667,
      0.1333333333333333
    ]
  },
  "strategy3_a1.0_b0.3": {
    "fisher_p": 2.1867291328535937e-05,
    "mannwhitney_p": 0.00026216888813650863,
    "success_diff_95ci": [
      -1.0,
      -0.5983333333333348
    ]
  },
  "strategy5_a1.0_b0.3": {
    "fisher_p": 0.0004839685420447671,
    "mannwhitney_p": 0.0006709034051003711,
    "success_diff_95ci": [
      -0.8666666666666667,
      -0.4
    ]
  },
  "posonly_global_a1.0_b0.3": {
    "fisher_p": 1.0,
    "mannwhitney_p": 0.9009714934164412,
    "success_diff_95ci": [
      -0.19999999999999996,
      0.19999999999999996
    ]
  },
  "posonly_perstep_a1.0_b0.3": {
    "fisher_p": 1.0,
    "mannwhitney_p": 0.8682259903524354,
    "success_diff_95ci": [
      -0.1333333333333333,
      0.19999999999999996
    ]
  },
  "strategy3_a1.0_b0.5": {
    "fisher_p": 2.1867291328535937e-05,
    "mannwhitney_p": 0.0002228932910846752,
    "success_diff_95ci": [
      -1.0,
      -0.5333333333333334
    ]
  },
  "strategy5_a1.0_b0.5": {
    "fisher_p": 2.062952012126032e-07,
    "mannwhitney_p": 2.7983495853192978e-05,
    "success_diff_95ci": [
      -1.0,
      -0.8
    ]
  },
  "posonly_global_a1.0_b0.5": {
    "fisher_p": 1.0,
    "mannwhitney_p": 0.5897385933186072,
    "success_diff_95ci": [
      -0.1333333333333333,
      0.19999999999999996
    ]
  },
  "posonly_perstep_a1.0_b0.5": {
    "fisher_p": 1.0,
    "mannwhitney_p": 0.28084201086629845,
    "success_diff_95ci": [
      -0.1333333333333333,
      0.19999999999999996
    ]
  },
  "linear_a0.5": {
    "fisher_p": 1.0,
    "mannwhitney_p": 0.26275304114766074,
    "success_diff_95ci": [
      -0.19999999999999996,
      0.19999999999999996
    ]
  },
  "linear_a1.0": {
    "fisher_p": 1.0,
    "mannwhitney_p": 0.6186695570822622,
    "success_diff_95ci": [
      -0.2666666666666667,
      0.1333333333333333
    ]
  },
  "linear_a2.0": {
    "fisher_p": 1.0,
    "mannwhitney_p": 0.1844100692216365,
    "success_diff_95ci": [
      -0.1333333333333333,
      0.19999999999999996
    ]
  },
  "linear_a5.0": {
    "fisher_p": 1.0,
    "mannwhitney_p": 0.26275304114766074,
    "success_diff_95ci": [
      -0.1333333333333333,
      0.19999999999999996
    ]
  },
  "random_conceptor": {
    "fisher_p": 2.062952012126032e-07,
    "mannwhitney_p": 3.356755084154065e-05,
    "success_diff_95ci": [
      -1.0,
      -0.8
    ]
  }
}