{
  "quotas": {
    "0": 64.22743818638287,
    "1": 71.7212710440653,
    "2": 73.05958001280433,
    "3": 75.66902267844738,
    "4": 78.54410419293504,
    "5": 79.5180336104364,
    "6": 80.41906446553632,
    "7": 78.21923761872003,
    "8": 76.18667045922072,
    "9": 63.955650037417165,
    "global": 107.20387832528223
  },
  "alpha": 1.0,
  "layer": 11
}