{
  "quotas": {
    "0": 31.69790098495675,
    "1": 38.07497068399718,
    "2": 39.939256324394314,
    "3": 42.21212917814668,
    "4": 44.62548212474435,
    "5": 45.856506967371104,
    "6": 46.90462722771498,
    "7": 45.44859124539325,
    "8": 44.039631271716146,
    "9": 36.65069144939306,
    "global": 59.217191039512294
  },
  "alpha": 0.5,
  "layer": 11
}