{
  "quotas": {
    "0": 7.732340736785934,
    "1": 9.44489072042434,
    "2": 10.923078243367689,
    "3": 12.055161289963921,
    "4": 12.954045124993744,
    "5": 13.504628854667473,
    "6": 14.327020224115362,
    "7": 14.748111135516458,
    "8": 15.4473468195187,
    "9": 16.11972813359796,
    "global": 14.729110474739986
  },
  "alpha": 0.1,
  "layer": 11
}