{
  "strategy3_a0.1_b0.1": {
    "fisher_p": 0.24507746126936533,
    "mannwhitney_p": 0.05639236422683157,
    "success_diff_95ci": [
      -0.06666666666666665,
      0.6
    ]
  },
  "strategy5_a0.1_b0.1": {
    "fisher_p": 1.0,
    "mannwhitney_p": 0.9009714934164412,
    "success_diff_95ci": [
      -0.33333333333333337,
      0.2
    ]
  },
  "posonly_global_a0.1_b0.1": {
    "fisher_p": 0.42698650674662664,
    "mannwhitney_p": 0.17106923105635186,
    "success_diff_95ci": [
      -0.13333333333333333,
      0.4666666666666667
    ]
  },
  "posonly_perstep_a0.1_b0.1": {
    "fisher_p": 1.0,
    "mannwhitney_p": 0.8682259903524354,
    "success_diff_95ci": [
      -0.2666666666666667,
      0.2666666666666667
    ]
  },
  "strategy3_a0.1_b0.3": {
    "fisher_p": 0.5977011494252875,
    "mannwhitney_p": 0.9338864180775845,
    "success_diff_95ci": [
      -0.4,
      0.06666666666666668
    ]
  },
  "strategy5_a0.1_b0.3": {
    "fisher_p": 0.5977011494252875,
    "mannwhitney_p": 0.7089232340537643,
    "success_diff_95ci": [
      -0.4,
      0.06666666666666668
    ]
  },
  "posonly_global_a0.1_b0.3": {
    "fisher_p": 0.42698650674662664,
    "mannwhitney_p": 0.06196961991403871,
    "success_diff_95ci": [
      -0.13333333333333333,
      0.5333333333333333
    ]
  },
  "posonly_perstep_a0.1_b0.3": {
    "fisher_p": 0.42698650674662664,
    "mannwhitney_p": 0.17106923105635186,
    "success_diff_95ci": [
      -0.13333333333333336,
      0.5333333333333333
    ]
  },
  "strategy3_a0.1_b0.5": {
    "fisher_p": 0.22413793103448276,
    "mannwhitney_p": 0.0024626042007544527,
    "success_diff_95ci": [
      -0.4,
      0.0
    ]
  },
  "strategy5_a0.1_b0.5": {
    "fisher_p": 0.22413793103448276,
    "mannwhitney_p": 2.7983495853192978e-05,
    "success_diff_95ci": [
      -0.4,
      0.0
    ]
  },
  "posonly_global_a0.1_b0.5": {
    "fisher_p": 1.0,
    "mannwhitney_p": 0.7089232340537643,
    "success_diff_95ci": [
      -0.2666666666666667,
      0.26666666666666666
    ]
  },
  "posonly_perstep_a0.1_b0.5": {
    "fisher_p": 1.0,
    "mannwhitney_p": 0.7089232340537643,
    "success_diff_95ci": [
      -0.33333333333333337,
      0.2
    ]
  },
  "strategy3_a0.5_b0.1": {
    "fisher_p": 1.0,
    "mannwhitney_p": 0.1985058531538877,
    "success_diff_95ci": [
      -0.26666666666666666,
      0.4
    ]
  },
  "strategy5_a0.5_b0.1": {
    "fisher_p": 0.6816591704147925,
    "mannwhitney_p": 0.10573920209087935,
    "success_diff_95ci": [
      -0.2,
      0.4666666666666667
    ]
  },
  "posonly_global_a0.5_b0.1": {
    "fisher_p": 0.128135932033983,
    "mannwhitney_p": 0.3400858902842717,
    "success_diff_95ci": [
      0.0,
      0.6666666666666666
    ]
  },
  "posonly_perstep_a0.5_b0.1": {
    "fisher_p": 0.24507746126936533,
    "mannwhitney_p": 0.506914933812496,
    "success_diff_95ci": [
      -0.06666666666666668,
      0.6
    ]
  },
  "strategy3_a0.5_b0.3": {
    "fisher_p": 0.5977011494252875,
    "mannwhitney_p": 0.6186695570822622,
    "success_diff_95ci": [
      -0.4,
      0.13333333333333333
    ]
  },
  "strategy5_a0.5_b0.3": {
    "fisher_p": 0.5977011494252875,
    "mannwhitney_p": 0.3614963660708982,
    "success_diff_95ci": [
      -0.4,
      0.06666666666666667
    ]
  },
  "posonly_global_a0.5_b0.3": {
    "fisher_p": 0.42698650674662664,
    "mannwhitney_p": 0.13538211004560674,
    "success_diff_95ci": [
      -0.13333333333333333,
      0.5333333333333333
    ]
  },
  "posonly_perstep_a0.5_b0.3": {
    "fisher_p": 0.42698650674662664,
    "mannwhitney_p": 0.1844100692216365,
    "success_diff_95ci": [
      -0.13333333333333333,
      0.5333333333333333
    ]
  },
  "strategy3_a0.5_b0.5": {
    "fisher_p": 0.22413793103448276,
    "mannwhitney_p": 0.0036905851986807135,
    "success_diff_95ci": [
      -0.4,
      0.0
    ]
  },
  "strategy5_a0.5_b0.5": {
    "fisher_p": 0.22413793103448276,
    "mannwhitney_p": 0.0005759812107616887,
    "success_diff_95ci": [
      -0.4,
      0.0
    ]
  },
  "posonly_global_a0.5_b0.5": {
    "fisher_p": 0.6816591704147925,
    "mannwhitney_p": 0.06799575043506911,
    "success_diff_95ci": [
      -0.2,
      0.4666666666666667
    ]
  },
  "posonly_perstep_a0.5_b0.5": {
    "fisher_p": 1.0,
    "mannwhitney_p": 0.8357050269952793,
    "success_diff_95ci": [
      -0.2666666666666667,
      0.2666666666666667
    ]
  },
  "strategy3_a1.0_b0.1": {
    "fisher_p": 0.6816591704147925,
    "mannwhitney_p": 0.06799575043506911,
    "success_diff_95ci": [
      -0.19999999999999998,
      0.4666666666666667
    ]
  },
  "strategy5_a1.0_b0.1": {
    "fisher_p": 1.0,
    "mannwhitney_p": 0.17106923105635186,
    "success_diff_95ci": [
      -0.2666666666666667,
      0.2666666666666667
    ]
  },
  "posonly_global_a1.0_b0.1": {
    "fisher_p": 0.42698650674662664,
    "mannwhitney_p": 0.3614963660708982,
    "success_diff_95ci": [
      -0.13333333333333333,
      0.5333333333333333
    ]
  },
  "posonly_perstep_a1.0_b0.1": {
    "fisher_p": 0.42698650674662664,
    "mannwhitney_p": 0.21337370709311831,
    "success_diff_95ci": [
      -0.13333333333333333,
      0.5333333333333333
    ]
  },
  "strategy3_a1.0_b0.3": {
    "fisher_p": 0.5977011494252875,
    "mannwhitney_p": 0.10573920209087935,
    "success_diff_95ci": [
      -0.4,
      0.13333333333333333
    ]
  },
  "strategy5_a1.0_b0.3": {
    "fisher_p": 0.22413793103448276,
    "mannwhitney_p": 0.06799575043506911,
    "success_diff_95ci": [
      -0.4,
      0.0
    ]
  },
  "posonly_global_a1.0_b0.3": {
    "fisher_p": 0.6816591704147925,
    "mannwhitney_p": 0.7400217511938185,
    "success_diff_95ci": [
      -0.2,
      0.4666666666666667
    ]
  },
  "posonly_perstep_a1.0_b0.3": {
    "fisher_p": 0.5977011494252875,
    "mannwhitney_p": 0.7400217511938185,
    "success_diff_95ci": [
      -0.4,
      0.06666666666666668
    ]
  },
  "strategy3_a1.0_b0.5": {
    "fisher_p": 0.22413793103448276,
    "mannwhitney_p": 0.0014040790204992788,
    "success_diff_95ci": [
      -0.4,
      0.0
    ]
  },
  "strategy5_a1.0_b0.5": {
    "fisher_p": 0.22413793103448276,
    "mannwhitney_p": 0.0001603262273507153,
    "success_diff_95ci": [
      -0.4,
      0.0
    ]
  },
  "posonly_global_a1.0_b0.5": {
    "fisher_p": 1.0,
    "mannwhitney_p": 0.6186695570822622,
    "success_diff_95ci": [
      -0.2666666666666667,
      0.2666666666666667
    ]
  },
  "posonly_perstep_a1.0_b0.5": {
    "fisher_p": 0.128135932033983,
    "mannwhitney_p": 0.05639236422683157,
    "success_diff_95ci": [
      0.0,
      0.6666666666666666
    ]
  },
  "linear_a0.5": {
    "fisher_p": 0.24507746126936533,
    "mannwhitney_p": 0.28084201086629845,
    "success_diff_95ci": [
      -0.06666666666666665,
      0.5349999999999986
    ]
  },
  "linear_a1.0": {
    "fisher_p": 0.6816591704147925,
    "mannwhitney_p": 0.7400217511938185,
    "success_diff_95ci": [
      -0.19999999999999998,
      0.4666666666666666
    ]
  },
  "linear_a2.0": {
    "fisher_p": 1.0,
    "mannwhitney_p": 0.7089232340537643,
    "success_diff_95ci": [
      -0.26666666666666666,
      0.3349999999999985
    ]
  },
  "linear_a5.0": {
    "fisher_p": 0.5977011494252875,
    "mannwhitney_p": 0.5338294217441396,
    "success_diff_95ci": [
      -0.4,
      0.06666666666666668
    ]
  },
  "random_conceptor": {
    "fisher_p": 0.6816591704147925,
    "mannwhitney_p": 0.10573920209087935,
    "success_diff_95ci": [
      -0.2,
      0.4666666666666667
    ]
  }
}