{
  "quotas": {
    "0": 33.49688272039472,
    "1": 36.55915339035312,
    "2": 37.43863553320611,
    "3": 38.31866447879618,
    "4": 38.84850100999563,
    "5": 37.90207802345223,
    "6": 36.97392086135723,
    "7": 34.70325094301844,
    "8": 34.199615807494936,
    "9": 32.58580513718931,
    "global": 48.93991078976192
  },
  "alpha": 0.5,
  "layer": 11
}