{
  "quotas": {
    "0": 71.23174899534918,
    "1": 75.8668502447879,
    "2": 75.49653018545465,
    "3": 75.81203080150335,
    "4": 75.52566190757027,
    "5": 72.82963756125956,
    "6": 69.82400958777484,
    "7": 64.97033199467765,
    "8": 63.155502495636,
    "9": 59.53108694805195,
    "global": 94.1872673846411
  },
  "alpha": 1.0,
  "layer": 11
}