{
  "quotas": {
    "0": 7.179618288778105,
    "1": 7.633303223314623,
    "2": 8.349476222387509,
    "3": 9.280912706231131,
    "4": 10.041726711738669,
    "5": 10.5478142663518,
    "6": 11.413669439135562,
    "7": 12.04370897331747,
    "8": 13.306499520286506,
    "9": 15.343651710304735,
    "global": 11.491784972355486
  },
  "alpha": 0.1,
  "layer": 11
}