{
  "strategy3_a0.1_b0.1": {
    "fisher_p": 0.6513409961685823,
    "mannwhitney_p": 0.6186695570822622,
    "success_diff_95ci": [
      -0.13333333333333341,
      0.4
    ]
  },
  "strategy5_a0.1_b0.1": {
    "fisher_p": 0.6513409961685823,
    "mannwhitney_p": 0.506914933812496,
    "success_diff_95ci": [
      -0.13333333333333341,
      0.4
    ]
  },
  "posonly_global_a0.1_b0.1": {
    "fisher_p": 1.0,
    "mannwhitney_p": 0.5614474146848649,
    "success_diff_95ci": [
      -0.4,
      0.2666666666666666
    ]
  },
  "posonly_perstep_a0.1_b0.1": {
    "fisher_p": 0.6513409961685823,
    "mannwhitney_p": 0.09705388615647788,
    "success_diff_95ci": [
      -0.20000000000000007,
      0.4
    ]
  },
  "strategy3_a0.1_b0.3": {
    "fisher_p": 0.4497251374312844,
    "mannwhitney_p": 0.26269994534963204,
    "success_diff_95ci": [
      -0.5333333333333334,
      0.13333333333333341
    ]
  },
  "strategy5_a0.1_b0.3": {
    "fisher_p": 0.6998500749625187,
    "mannwhitney_p": 0.13538211004560674,
    "success_diff_95ci": [
      -0.4666666666666667,
      0.19999999999999996
    ]
  },
  "posonly_global_a0.1_b0.3": {
    "fisher_p": 0.32950191570881227,
    "mannwhitney_p": 0.8357050269952793,
    "success_diff_95ci": [
      -0.06666666666666665,
      0.4666666666666667
    ]
  },
  "posonly_perstep_a0.1_b0.3": {
    "fisher_p": 0.6998500749625187,
    "mannwhitney_p": 0.3614429517167129,
    "success_diff_95ci": [
      -0.4666666666666667,
      0.20000000000000007
    ]
  },
  "strategy3_a0.1_b0.5": {
    "fisher_p": 4.997501249375312e-05,
    "mannwhitney_p": 0.004193050954641861,
    "success_diff_95ci": [
      -0.9333333333333333,
      -0.4666666666666667
    ]
  },
  "strategy5_a0.1_b0.5": {
    "fisher_p": 0.0025092716799494986,
    "mannwhitney_p": 0.017938548142473577,
    "success_diff_95ci": [
      -0.8666666666666667,
      -0.3333333333333333
    ]
  },
  "posonly_global_a0.1_b0.5": {
    "fisher_p": 0.026837729226202166,
    "mannwhitney_p": 0.00479007137497761,
    "success_diff_95ci": [
      -0.8,
      -0.13333333333333336
    ]
  },
  "posonly_perstep_a0.1_b0.5": {
    "fisher_p": 1.0,
    "mannwhitney_p": 0.8357050269952793,
    "success_diff_95ci": [
      -0.33333333333333337,
      0.33333333333333337
    ]
  },
  "strategy3_a0.5_b0.1": {
    "fisher_p": 0.32950191570881227,
    "mannwhitney_p": 0.4553018964198552,
    "success_diff_95ci": [
      -0.06666666666666665,
      0.4666666666666667
    ]
  },
  "strategy5_a0.5_b0.1": {
    "fisher_p": 0.32950191570881227,
    "mannwhitney_p": 0.8034625743147712,
    "success_diff_95ci": [
      -0.06666666666666665,
      0.4666666666666667
    ]
  },
  "posonly_global_a0.5_b0.1": {
    "fisher_p": 0.6513409961685823,
    "mannwhitney_p": 0.3195059648919748,
    "success_diff_95ci": [
      -0.13333333333333341,
      0.4
    ]
  },
  "posonly_perstep_a0.5_b0.1": {
    "fisher_p": 0.6513409961685823,
    "mannwhitney_p": 0.9338864180775845,
    "success_diff_95ci": [
      -0.13333333333333341,
      0.4
    ]
  },
  "strategy3_a0.5_b0.3": {
    "fisher_p": 0.26354191325389936,
    "mannwhitney_p": 0.03431732029947655,
    "success_diff_95ci": [
      -0.6000000000000001,
      0.06666666666666665
    ]
  },
  "strategy5_a0.5_b0.3": {
    "fisher_p": 0.26354191325389936,
    "mannwhitney_p": 0.3400858902842717,
    "success_diff_95ci": [
      -0.6000000000000001,
      0.06666666666666665
    ]
  },
  "posonly_global_a0.5_b0.3": {
    "fisher_p": 1.0,
    "mannwhitney_p": 0.3195059648919748,
    "success_diff_95ci": [
      -0.33333333333333337,
      0.33333333333333337
    ]
  },
  "posonly_perstep_a0.5_b0.3": {
    "fisher_p": 1.0,
    "mannwhitney_p": 0.7088923275427439,
    "success_diff_95ci": [
      -0.2666666666666666,
      0.3349999999999985
    ]
  },
  "strategy3_a0.5_b0.5": {
    "fisher_p": 0.026837729226202166,
    "mannwhitney_p": 0.027907646278761626,
    "success_diff_95ci": [
      -0.8,
      -0.13333333333333336
    ]
  },
  "strategy5_a0.5_b0.5": {
    "fisher_p": 0.0025092716799494986,
    "mannwhitney_p": 0.008820058180795629,
    "success_diff_95ci": [
      -0.8666666666666667,
      -0.3316666666666681
    ]
  },
  "posonly_global_a0.5_b0.5": {
    "fisher_p": 1.0,
    "mannwhitney_p": 0.9338790795853346,
    "success_diff_95ci": [
      -0.4,
      0.2666666666666666
    ]
  },
  "posonly_perstep_a0.5_b0.5": {
    "fisher_p": 1.0,
    "mannwhitney_p": 0.33987092845715605,
    "success_diff_95ci": [
      -0.33333333333333337,
      0.33333333333333337
    ]
  },
  "strategy3_a1.0_b0.1": {
    "fisher_p": 1.0,
    "mannwhitney_p": 0.7089232340537643,
    "success_diff_95ci": [
      -0.2666666666666667,
      0.33333333333333337
    ]
  },
  "strategy5_a1.0_b0.1": {
    "fisher_p": 1.0,
    "mannwhitney_p": 0.9009714934164412,
    "success_diff_95ci": [
      -0.33333333333333337,
      0.2666666666666667
    ]
  },
  "posonly_global_a1.0_b0.1": {
    "fisher_p": 1.0,
    "mannwhitney_p": 0.506914933812496,
    "success_diff_95ci": [
      -0.4,
      0.2666666666666667
    ]
  },
  "posonly_perstep_a1.0_b0.1": {
    "fisher_p": 1.0,
    "mannwhitney_p": 0.4806822967560067,
    "success_diff_95ci": [
      -0.4,
      0.2666666666666667
    ]
  },
  "strategy3_a1.0_b0.3": {
    "fisher_p": 1.0,
    "mannwhitney_p": 0.5897385933186072,
    "success_diff_95ci": [
      -0.4,
      0.2666666666666666
    ]
  },
  "strategy5_a1.0_b0.3": {
    "fisher_p": 0.13941976380230936,
    "mannwhitney_p": 0.5338294217441396,
    "success_diff_95ci": [
      -0.6666666666666667,
      0.0
    ]
  },
  "posonly_global_a1.0_b0.3": {
    "fisher_p": 0.6513409961685823,
    "mannwhitney_p": 0.7400217511938185,
    "success_diff_95ci": [
      -0.13333333333333341,
      0.4
    ]
  },
  "posonly_perstep_a1.0_b0.3": {
    "fisher_p": 1.0,
    "mannwhitney_p": 0.2997583700887151,
    "success_diff_95ci": [
      -0.2666666666666667,
      0.3349999999999985
    ]
  },
  "strategy3_a1.0_b0.5": {
    "fisher_p": 0.0025092716799494986,
    "mannwhitney_p": 0.0006949525082496349,
    "success_diff_95ci": [
      -0.8666666666666667,
      -0.33333333333333326
    ]
  },
  "strategy5_a1.0_b0.5": {
    "fisher_p": 0.00048396854204476713,
    "mannwhitney_p": 0.006166924985920437,
    "success_diff_95ci": [
      -0.9333333333333333,
      -0.4
    ]
  },
  "posonly_global_a1.0_b0.5": {
    "fisher_p": 1.0,
    "mannwhitney_p": 0.48073111045562256,
    "success_diff_95ci": [
      -0.2666666666666667,
      0.33333333333333337
    ]
  },
  "posonly_perstep_a1.0_b0.5": {
    "fisher_p": 0.6513409961685823,
    "mannwhitney_p": 0.5614474146848649,
    "success_diff_95ci": [
      -0.13333333333333341,
      0.4
    ]
  },
  "linear_a0.5": {
    "fisher_p": 0.6998500749625187,
    "mannwhitney_p": 0.3400858902842717,
    "success_diff_95ci": [
      -0.4666666666666667,
      0.19999999999999996
    ]
  },
  "linear_a1.0": {
    "fisher_p": 0.6513409961685823,
    "mannwhitney_p": 0.3400858902842717,
    "success_diff_95ci": [
      -0.13333333333333341,
      0.4
    ]
  },
  "linear_a2.0": {
    "fisher_p": 1.0,
    "mannwhitney_p": 0.48073111045562256,
    "success_diff_95ci": [
      -0.20000000000000007,
      0.4
    ]
  },
  "linear_a5.0": {
    "fisher_p": 1.0,
    "mannwhitney_p": 0.17106923105635186,
    "success_diff_95ci": [
      -0.4,
      0.2666666666666667
    ]
  },
  "random_conceptor": {
    "fisher_p": 1.0,
    "mannwhitney_p": 0.506914933812496,
    "success_diff_95ci": [
      -0.2666666666666667,
      0.4
    ]
  }
}