{
  "quotas": {
    "0": 26.407178169963846,
    "1": 29.132235429780472,
    "2": 29.245385769200965,
    "3": 29.689070877218573,
    "4": 30.153307725191716,
    "5": 29.821568572907335,
    "6": 29.383701239565617,
    "7": 27.952441672408668,
    "8": 27.706189705384165,
    "9": 25.950624016226108,
    "global": 40.38363599366392
  },
  "alpha": 0.5,
  "layer": 11
}