{
  "quotas": {
    "0": 5.877930055273781,
    "1": 6.321191920704315,
    "2": 6.896706444535136,
    "3": 7.63733006290497,
    "4": 8.299006671846534,
    "5": 8.813638937189335,
    "6": 9.735209732872047,
    "7": 10.456556510035778,
    "8": 11.730126610732501,
    "9": 13.755684416528764,
    "global": 9.613783685433901
  },
  "alpha": 0.1,
  "layer": 11
}