{
  "quotas": {
    "0": 57.816072881024716,
    "1": 61.42081955611799,
    "2": 60.029059807547235,
    "3": 60.07351315098619,
    "4": 59.70196846660682,
    "5": 57.971043060491574,
    "6": 55.93731648118202,
    "7": 52.60407739346755,
    "8": 51.39340612703673,
    "9": 47.56994541652614,
    "global": 79.32783577062999
  },
  "alpha": 1.0,
  "layer": 11
}