{
  "strategy3_a0.1_b0.1": {
    "fisher_p": 0.13941976380230936,
    "mannwhitney_p": 0.2997583700887151,
    "success_diff_95ci": [
      0.0,
      0.6666666666666666
    ]
  },
  "strategy5_a0.1_b0.1": {
    "fisher_p": 0.13941976380230936,
    "mannwhitney_p": 0.4553018964198552,
    "success_diff_95ci": [
      0.0,
      0.6666666666666667
    ]
  },
  "posonly_global_a0.1_b0.1": {
    "fisher_p": 0.13941976380230936,
    "mannwhitney_p": 0.6783024655972324,
    "success_diff_95ci": [
      0.0,
      0.6666666666666666
    ]
  },
  "posonly_perstep_a0.1_b0.1": {
    "fisher_p": 0.26354191325389936,
    "mannwhitney_p": 0.4553018964198552,
    "success_diff_95ci": [
      -0.06666666666666665,
      0.6000000000000001
    ]
  },
  "strategy3_a0.1_b0.3": {
    "fisher_p": 0.6998500749625187,
    "mannwhitney_p": 0.7089232340537643,
    "success_diff_95ci": [
      -0.2,
      0.4666666666666667
    ]
  },
  "strategy5_a0.1_b0.3": {
    "fisher_p": 0.06559547883437022,
    "mannwhitney_p": 0.43064798984807773,
    "success_diff_95ci": [
      0.06666666666666665,
      0.7333333333333334
    ]
  },
  "posonly_global_a0.1_b0.3": {
    "fisher_p": 0.13941976380230936,
    "mannwhitney_p": 0.8357050269952793,
    "success_diff_95ci": [
      0.0,
      0.6666666666666666
    ]
  },
  "posonly_perstep_a0.1_b0.3": {
    "fisher_p": 0.13941976380230936,
    "mannwhitney_p": 0.8682259903524354,
    "success_diff_95ci": [
      0.0,
      0.6666666666666666
    ]
  },
  "strategy3_a0.1_b0.5": {
    "fisher_p": 0.6998500749625187,
    "mannwhitney_p": 0.28084201086629845,
    "success_diff_95ci": [
      -0.2,
      0.4666666666666667
    ]
  },
  "strategy5_a0.1_b0.5": {
    "fisher_p": 1.0,
    "mannwhitney_p": 0.11498741920155964,
    "success_diff_95ci": [
      -0.33333333333333337,
      0.2
    ]
  },
  "posonly_global_a0.1_b0.5": {
    "fisher_p": 0.44972513743128434,
    "mannwhitney_p": 1.0,
    "success_diff_95ci": [
      -0.1333333333333333,
      0.5333333333333333
    ]
  },
  "posonly_perstep_a0.1_b0.5": {
    "fisher_p": 1.0,
    "mannwhitney_p": 0.48073111045562256,
    "success_diff_95ci": [
      -0.4,
      0.20166666666666516
    ]
  },
  "strategy3_a0.5_b0.1": {
    "fisher_p": 0.6998500749625187,
    "mannwhitney_p": 0.48073111045562256,
    "success_diff_95ci": [
      -0.2,
      0.4666666666666667
    ]
  },
  "strategy5_a0.5_b0.1": {
    "fisher_p": 0.06559547883437022,
    "mannwhitney_p": 0.9669147771731937,
    "success_diff_95ci": [
      0.06666666666666665,
      0.7333333333333334
    ]
  },
  "posonly_global_a0.5_b0.1": {
    "fisher_p": 0.26354191325389936,
    "mannwhitney_p": 0.9669147771731937,
    "success_diff_95ci": [
      -0.06666666666666665,
      0.6
    ]
  },
  "posonly_perstep_a0.5_b0.1": {
    "fisher_p": 0.44972513743128434,
    "mannwhitney_p": 0.9669147771731937,
    "success_diff_95ci": [
      -0.13333333333333336,
      0.5333333333333333
    ]
  },
  "strategy3_a0.5_b0.3": {
    "fisher_p": 1.0,
    "mannwhitney_p": 0.43064798984807773,
    "success_diff_95ci": [
      -0.26666666666666666,
      0.4
    ]
  },
  "strategy5_a0.5_b0.3": {
    "fisher_p": 1.0,
    "mannwhitney_p": 0.6783024655972324,
    "success_diff_95ci": [
      -0.33333333333333337,
      0.2
    ]
  },
  "posonly_global_a0.5_b0.3": {
    "fisher_p": 0.26354191325389936,
    "mannwhitney_p": 0.9009714934164412,
    "success_diff_95ci": [
      -0.06666666666666665,
      0.6
    ]
  },
  "posonly_perstep_a0.5_b0.3": {
    "fisher_p": 0.026837729226202166,
    "mannwhitney_p": 0.3195059648919748,
    "success_diff_95ci": [
      0.1333333333333333,
      0.7333333333333334
    ]
  },
  "strategy3_a0.5_b0.5": {
    "fisher_p": 1.0,
    "mannwhitney_p": 0.5338294217441396,
    "success_diff_95ci": [
      -0.3333333333333333,
      0.3333333333333333
    ]
  },
  "strategy5_a0.5_b0.5": {
    "fisher_p": 1.0,
    "mannwhitney_p": 0.1844100692216365,
    "success_diff_95ci": [
      -0.33333333333333337,
      0.26666666666666666
    ]
  },
  "posonly_global_a0.5_b0.5": {
    "fisher_p": 0.13941976380230936,
    "mannwhitney_p": 0.9009714934164412,
    "success_diff_95ci": [
      0.0,
      0.6666666666666667
    ]
  },
  "posonly_perstep_a0.5_b0.5": {
    "fisher_p": 0.13941976380230936,
    "mannwhitney_p": 0.43064798984807773,
    "success_diff_95ci": [
      0.0,
      0.6666666666666667
    ]
  },
  "strategy3_a1.0_b0.1": {
    "fisher_p": 0.44972513743128434,
    "mannwhitney_p": 0.9009714934164412,
    "success_diff_95ci": [
      -0.13333333333333336,
      0.5333333333333333
    ]
  },
  "strategy5_a1.0_b0.1": {
    "fisher_p": 0.13941976380230936,
    "mannwhitney_p": 0.6783024655972324,
    "success_diff_95ci": [
      0.0,
      0.6666666666666667
    ]
  },
  "posonly_global_a1.0_b0.1": {
    "fisher_p": 0.06559547883437022,
    "mannwhitney_p": 0.3400858902842717,
    "success_diff_95ci": [
      0.06666666666666665,
      0.7333333333333334
    ]
  },
  "posonly_perstep_a1.0_b0.1": {
    "fisher_p": 0.06559547883437022,
    "mannwhitney_p": 0.6783024655972324,
    "success_diff_95ci": [
      0.06666666666666665,
      0.7333333333333334
    ]
  },
  "strategy3_a1.0_b0.3": {
    "fisher_p": 1.0,
    "mannwhitney_p": 0.6783024655972324,
    "success_diff_95ci": [
      -0.33333333333333337,
      0.26666666666666666
    ]
  },
  "strategy5_a1.0_b0.3": {
    "fisher_p": 0.44972513743128434,
    "mannwhitney_p": 0.3614963660708982,
    "success_diff_95ci": [
      -0.13333333333333336,
      0.5333333333333333
    ]
  },
  "posonly_global_a1.0_b0.3": {
    "fisher_p": 0.26354191325389936,
    "mannwhitney_p": 0.8357050269952793,
    "success_diff_95ci": [
      -0.06666666666666665,
      0.6
    ]
  },
  "posonly_perstep_a1.0_b0.3": {
    "fisher_p": 0.026837729226202166,
    "mannwhitney_p": 0.5614474146848649,
    "success_diff_95ci": [
      0.1333333333333333,
      0.7333333333333334
    ]
  },
  "strategy3_a1.0_b0.5": {
    "fisher_p": 1.0,
    "mannwhitney_p": 0.8357050269952793,
    "success_diff_95ci": [
      -0.26666666666666666,
      0.4
    ]
  },
  "strategy5_a1.0_b0.5": {
    "fisher_p": 1.0,
    "mannwhitney_p": 0.4067868333984651,
    "success_diff_95ci": [
      -0.33499999999999996,
      0.26666666666666666
    ]
  },
  "posonly_global_a1.0_b0.5": {
    "fisher_p": 0.26354191325389936,
    "mannwhitney_p": 0.506914933812496,
    "success_diff_95ci": [
      -0.06666666666666671,
      0.6
    ]
  },
  "posonly_perstep_a1.0_b0.5": {
    "fisher_p": 0.026837729226202166,
    "mannwhitney_p": 0.28084201086629845,
    "success_diff_95ci": [
      0.1333333333333333,
      0.7333333333333334
    ]
  },
  "linear_a0.5": {
    "fisher_p": 0.009220570313398513,
    "mannwhitney_p": 0.9009714934164412,
    "success_diff_95ci": [
      0.19999999999999996,
      0.8
    ]
  },
  "linear_a1.0": {
    "fisher_p": 0.06559547883437022,
    "mannwhitney_p": 0.8034625743147712,
    "success_diff_95ci": [
      0.06666666666666665,
      0.7333333333333334
    ]
  },
  "linear_a2.0": {
    "fisher_p": 0.026837729226202166,
    "mannwhitney_p": 0.5338294217441396,
    "success_diff_95ci": [
      0.1333333333333333,
      0.8
    ]
  },
  "linear_a5.0": {
    "fisher_p": 0.26354191325389936,
    "mannwhitney_p": 0.4067868333984651,
    "success_diff_95ci": [
      -0.06666666666666665,
      0.6
    ]
  },
  "random_conceptor": {
    "fisher_p": 0.6998500749625187,
    "mannwhitney_p": 0.9338864180775845,
    "success_diff_95ci": [
      -0.2,
      0.4666666666666667
    ]
  }
}